/*
 Navicat Premium Data Transfer

 Source Server         : localhost
 Source Server Type    : MySQL
 Source Server Version : 80029
 Source Host           : localhost:3306
 Source Schema         : rbac

 Target Server Type    : MySQL
 Target Server Version : 80029
 File Encoding         : 65001

 Date: 17/03/2023 23:49:03
*/

SET NAMES utf8mb4;
SET FOREIGN_KEY_CHECKS = 0;

-- ----------------------------
-- Table structure for t_system_login_log
-- ----------------------------
DROP TABLE IF EXISTS `t_system_login_log`;
CREATE TABLE `t_system_login_log`  (
  `id` bigint NOT NULL AUTO_INCREMENT COMMENT '访问ID',
  `username` varchar(50) CHARACTER SET utf8 COLLATE utf8_general_ci NULL DEFAULT '' COMMENT '用户账号',
  `ipaddr` varchar(128) CHARACTER SET utf8 COLLATE utf8_general_ci NULL DEFAULT '' COMMENT '登录IP地址',
  `status` tinyint(1) NULL DEFAULT 1 COMMENT '登录状态（1成功 0失败）',
  `msg` varchar(255) CHARACTER SET utf8 COLLATE utf8_general_ci NULL DEFAULT '' COMMENT '提示信息',
  `create_time` timestamp NULL DEFAULT CURRENT_TIMESTAMP ON UPDATE CURRENT_TIMESTAMP,
  `update_time` timestamp NULL DEFAULT CURRENT_TIMESTAMP ON UPDATE CURRENT_TIMESTAMP,
  `is_deleted` tinyint NULL DEFAULT 0 COMMENT '删除标记（0:可用 1:已删除）',
  PRIMARY KEY (`id`) USING BTREE
) ENGINE = InnoDB AUTO_INCREMENT = 1635837530031017986 CHARACTER SET = utf8 COLLATE = utf8_general_ci COMMENT = '系统访问记录' ROW_FORMAT = Dynamic;

-- ----------------------------
-- Records of t_system_login_log
-- ----------------------------
INSERT INTO `t_system_login_log` VALUES (1635172237336231937, 'abc', '192.168.244.1', 0, '登录成功', '2023-03-13 14:53:36', NULL, 0);
INSERT INTO `t_system_login_log` VALUES (1635172374926180353, 'abc', '192.168.244.1', 0, '登录成功', '2023-03-13 14:54:09', NULL, 0);
INSERT INTO `t_system_login_log` VALUES (1635172399433498625, 'abc', '192.168.244.1', 0, '登录成功', '2023-03-13 14:54:15', NULL, 0);
INSERT INTO `t_system_login_log` VALUES (1635172750341554177, 'abc', '192.168.244.1', 0, '登录成功', '2023-03-13 14:55:38', NULL, 0);
INSERT INTO `t_system_login_log` VALUES (1635172770604236802, 'abc', '192.168.244.1', 0, '登录成功', '2023-03-13 14:55:43', NULL, 0);
INSERT INTO `t_system_login_log` VALUES (1635173371702525954, 'abc', '192.168.244.1', 0, '登录成功', '2023-03-13 14:58:07', NULL, 0);
INSERT INTO `t_system_login_log` VALUES (1635177156965322753, 'admin', '192.168.244.1', 0, '登录成功', '2023-03-13 15:13:09', NULL, 0);
INSERT INTO `t_system_login_log` VALUES (1635178331341131777, 'admin', '192.168.244.1', 0, '登录成功', '2023-03-13 15:17:49', NULL, 0);
INSERT INTO `t_system_login_log` VALUES (1635543133498413058, 'abc', '192.168.244.1', 0, '登录成功', '2023-03-14 15:27:25', NULL, 0);
INSERT INTO `t_system_login_log` VALUES (1635546927825195010, 'abc', '192.168.244.1', 0, '登录成功', '2023-03-14 15:42:29', NULL, 0);
INSERT INTO `t_system_login_log` VALUES (1635549844997271553, 'admin', '192.168.244.1', 0, '登录成功', '2023-03-14 15:54:05', NULL, 0);
INSERT INTO `t_system_login_log` VALUES (1635562268857061378, 'abc', '192.168.244.1', 0, '登录成功', '2023-03-14 16:43:27', NULL, 0);
INSERT INTO `t_system_login_log` VALUES (1635562432749490177, 'abc', '192.168.244.1', 0, '登录成功', '2023-03-14 16:44:06', NULL, 0);
INSERT INTO `t_system_login_log` VALUES (1635562939664687106, 'abc', '192.168.244.1', 0, '登录成功', '2023-03-14 16:46:07', NULL, 0);
INSERT INTO `t_system_login_log` VALUES (1635563858494087170, 'abc', '192.168.244.1', 0, '登录成功', '2023-03-14 16:49:46', NULL, 0);
INSERT INTO `t_system_login_log` VALUES (1635564031978885122, 'abc', '192.168.244.1', 0, '登录成功', '2023-03-14 16:50:27', NULL, 0);
INSERT INTO `t_system_login_log` VALUES (1635564642682134530, 'abc', '192.168.244.1', 0, '登录成功', '2023-03-14 16:52:53', NULL, 0);
INSERT INTO `t_system_login_log` VALUES (1635568308591915010, 'abc', '192.168.244.1', 0, '登录成功', '2023-03-14 17:07:27', NULL, 0);
INSERT INTO `t_system_login_log` VALUES (1635622830378962946, 'abc', '192.168.244.1', 0, '登录成功', '2023-03-14 20:44:06', NULL, 0);
INSERT INTO `t_system_login_log` VALUES (1635623271481266178, 'abc', '192.168.244.1', 0, '登录成功', '2023-03-14 20:45:51', NULL, 0);
INSERT INTO `t_system_login_log` VALUES (1635626493105143810, 'abc', '192.168.244.1', 0, '登录成功', '2023-03-14 20:58:39', NULL, 0);
INSERT INTO `t_system_login_log` VALUES (1635629169792593921, 'abc', '192.168.244.1', 0, '登录成功', '2023-03-14 21:09:17', NULL, 0);
INSERT INTO `t_system_login_log` VALUES (1635629410721804290, 'admin', '192.168.244.1', 0, '登录成功', '2023-03-14 21:10:15', NULL, 0);
INSERT INTO `t_system_login_log` VALUES (1635630432710139905, 'admin', '192.168.244.1', 0, '登录成功', '2023-03-14 21:14:18', NULL, 0);
INSERT INTO `t_system_login_log` VALUES (1635630868284428289, 'admin', '192.168.244.1', 0, '登录成功', '2023-03-14 21:16:02', NULL, 0);
INSERT INTO `t_system_login_log` VALUES (1635637513404022786, 'abc', '192.168.244.1', 0, '登录成功', '2023-03-14 21:42:27', NULL, 0);
INSERT INTO `t_system_login_log` VALUES (1635643874758152193, 'abc', '192.168.244.1', 0, '登录成功', '2023-03-14 22:07:43', NULL, 0);
INSERT INTO `t_system_login_log` VALUES (1635645585442816001, 'abc', '192.168.244.1', 0, '登录成功', '2023-03-14 22:14:31', NULL, 0);
INSERT INTO `t_system_login_log` VALUES (1635646218803634177, 'abc', '192.168.244.1', 0, '登录成功', '2023-03-14 22:17:02', NULL, 0);
INSERT INTO `t_system_login_log` VALUES (1635647985020846081, 'abc', '192.168.244.1', 0, '登录成功', '2023-03-14 22:24:03', NULL, 0);
INSERT INTO `t_system_login_log` VALUES (1635648310410743809, 'abc', '192.168.244.1', 0, '登录成功', '2023-03-14 22:25:21', NULL, 0);
INSERT INTO `t_system_login_log` VALUES (1635650808135548930, 'abc', '192.168.244.1', 0, '登录成功', '2023-03-14 22:35:16', NULL, 0);
INSERT INTO `t_system_login_log` VALUES (1635650856315518977, 'abc', '192.168.244.1', 0, '登录成功', '2023-03-14 22:35:28', NULL, 0);
INSERT INTO `t_system_login_log` VALUES (1635653166240436225, 'abc', '192.168.244.1', 0, '登录成功', '2023-03-14 22:44:38', NULL, 0);
INSERT INTO `t_system_login_log` VALUES (1635659772210475010, 'abc', '192.168.244.1', 0, '登录成功', '2023-03-14 23:10:53', NULL, 0);
INSERT INTO `t_system_login_log` VALUES (1635661103482621954, 'abc', '192.168.244.1', 0, '登录成功', '2023-03-14 23:16:11', NULL, 0);
INSERT INTO `t_system_login_log` VALUES (1635664491859464194, 'abc', '192.168.244.1', 0, '登录成功', '2023-03-14 23:29:38', NULL, 0);
INSERT INTO `t_system_login_log` VALUES (1635665637080670210, 'abc', '192.168.244.1', 0, '登录成功', '2023-03-14 23:34:12', NULL, 0);
INSERT INTO `t_system_login_log` VALUES (1635668140610392065, 'abc', '192.168.244.1', 0, '登录成功', '2023-03-14 23:44:09', NULL, 0);
INSERT INTO `t_system_login_log` VALUES (1635794475328503809, 'abc', '192.168.244.1', 0, '登录成功', '2023-03-15 08:06:09', NULL, 0);
INSERT INTO `t_system_login_log` VALUES (1635796564834381825, 'abc', '192.168.244.1', 0, '登录成功', '2023-03-15 08:14:27', NULL, 0);
INSERT INTO `t_system_login_log` VALUES (1635797458606899202, 'abc', '192.168.244.1', 0, '登录成功', '2023-03-15 08:18:00', NULL, 0);
INSERT INTO `t_system_login_log` VALUES (1635803759768510466, 'abc', '192.168.244.1', 0, '登录成功', '2023-03-15 08:43:03', NULL, 0);
INSERT INTO `t_system_login_log` VALUES (1635804955103240194, 'abc', '192.168.244.1', 0, '登录成功', '2023-03-15 08:47:48', NULL, 0);
INSERT INTO `t_system_login_log` VALUES (1635805574996205570, 'admin', '192.168.244.1', 0, '登录成功', '2023-03-15 08:50:16', NULL, 0);
INSERT INTO `t_system_login_log` VALUES (1635832180888342530, 'abc', '192.168.244.1', 0, '登录成功', '2023-03-15 10:35:59', NULL, 0);
INSERT INTO `t_system_login_log` VALUES (1635837086160400385, 'admin', '192.168.244.1', 0, '登录成功', '2023-03-15 10:55:28', NULL, 0);
INSERT INTO `t_system_login_log` VALUES (1635837227428753409, 'admin', '192.168.244.1', 0, '登录成功', '2023-03-15 10:56:02', NULL, 0);
INSERT INTO `t_system_login_log` VALUES (1635837530031017986, 'admin', '192.168.244.1', 0, '登录成功', '2023-03-15 10:57:14', NULL, 0);

-- ----------------------------
-- Table structure for t_system_menu
-- ----------------------------
DROP TABLE IF EXISTS `t_system_menu`;
CREATE TABLE `t_system_menu`  (
  `id` bigint NOT NULL AUTO_INCREMENT COMMENT '编号',
  `name` varchar(20) CHARACTER SET utf8 COLLATE utf8_general_ci NOT NULL DEFAULT '' COMMENT '菜单名称',
  `parent_id` bigint NOT NULL DEFAULT 0 COMMENT '所属上级',
  `perms` varchar(100) CHARACTER SET utf8 COLLATE utf8_general_ci NULL DEFAULT NULL COMMENT '权限标识',
  `type` tinyint NOT NULL DEFAULT 0 COMMENT '类型(0:目录,1:菜单,2:按钮)',
  `path` varchar(100) CHARACTER SET utf8 COLLATE utf8_general_ci NULL DEFAULT NULL COMMENT '路由地址',
  `component` varchar(100) CHARACTER SET utf8 COLLATE utf8_general_ci NULL DEFAULT NULL COMMENT '组件路径',
  `icon` varchar(100) CHARACTER SET utf8 COLLATE utf8_general_ci NULL DEFAULT NULL COMMENT '图标',
  `url` varchar(255) CHARACTER SET utf8 COLLATE utf8_general_ci NULL DEFAULT NULL COMMENT '授权路径',
  `sort_value` int NULL DEFAULT NULL COMMENT '排序',
  `status` tinyint NULL DEFAULT 1 COMMENT '状态(0:禁止,1:正常)',
  `create_time` timestamp NULL DEFAULT CURRENT_TIMESTAMP COMMENT '创建时间',
  `update_time` timestamp NULL DEFAULT CURRENT_TIMESTAMP ON UPDATE CURRENT_TIMESTAMP COMMENT '更新时间',
  `is_deleted` tinyint NULL DEFAULT 0 COMMENT '删除标记（0:可用 1:已删除）',
  PRIMARY KEY (`id`) USING BTREE,
  INDEX `idx_parent_id`(`parent_id`) USING BTREE
) ENGINE = InnoDB CHARACTER SET = utf8 COLLATE = utf8_general_ci COMMENT = '菜单表' ROW_FORMAT = Dynamic;

-- ----------------------------
-- Records of t_system_menu
-- ----------------------------
INSERT INTO `t_system_menu` VALUES (2, '系统管理', 0, '', 0, 'system', 'Layout', 'el-icon-s-tools', NULL, 1, 1, '2021-05-31 18:05:37', '2023-03-14 15:25:26', 0);
INSERT INTO `t_system_menu` VALUES (3, '用户管理', 2, '', 1, 'sysUser', 'system/sysUser/Index', 'el-icon-s-custom', NULL, 1, 1, '2021-05-31 18:05:37', '2023-03-14 15:25:29', 0);
INSERT INTO `t_system_menu` VALUES (4, '角色管理', 2, '', 1, 'sysRole', 'system/sysRole/Index', 'el-icon-user-solid', NULL, 2, 1, '2021-05-31 18:05:37', '2023-03-14 15:25:29', 0);
INSERT INTO `t_system_menu` VALUES (5, '菜单管理', 2, '', 1, 'sysMenu', 'system/sysMenu/Index', 'el-icon-s-unfold', NULL, 3, 1, '2021-05-31 18:05:37', '2023-03-14 15:25:31', 0);
INSERT INTO `t_system_menu` VALUES (6, '查看', 3, 'bnt.sysUser.list', 2, NULL, NULL, NULL, NULL, 1, 1, '2021-05-31 18:05:37', '2023-03-13 14:22:20', 0);
INSERT INTO `t_system_menu` VALUES (7, '添加', 3, 'bnt.sysUser.add', 2, NULL, NULL, NULL, NULL, 1, 1, '2021-05-31 18:05:37', '2023-03-13 14:22:21', 0);
INSERT INTO `t_system_menu` VALUES (8, '修改', 3, 'bnt.sysUser.update', 2, NULL, NULL, NULL, NULL, 1, 1, '2021-05-31 18:05:37', '2023-03-13 14:22:22', 0);
INSERT INTO `t_system_menu` VALUES (9, '删除', 3, 'bnt.sysUser.remove', 2, NULL, NULL, NULL, NULL, 1, 1, '2021-05-31 18:05:37', '2023-03-13 14:22:23', 0);
INSERT INTO `t_system_menu` VALUES (10, '查看', 4, 'bnt.sysRole.list', 2, NULL, NULL, NULL, NULL, 1, 1, '2021-05-31 18:05:37', '2023-03-13 14:22:26', 0);
INSERT INTO `t_system_menu` VALUES (11, '添加', 4, 'bnt.sysRole.add', 2, NULL, NULL, NULL, NULL, 1, 1, '2021-05-31 18:05:37', '2023-03-13 14:22:27', 0);
INSERT INTO `t_system_menu` VALUES (12, '修改', 4, 'bnt.sysRole.update', 2, NULL, NULL, NULL, NULL, 1, 1, '2021-05-31 18:05:37', '2023-03-13 14:22:28', 0);
INSERT INTO `t_system_menu` VALUES (13, '删除', 4, 'bnt.sysRole.remove', 2, NULL, NULL, NULL, NULL, 1, 1, '2021-05-31 18:05:37', '2023-03-13 14:22:30', 0);
INSERT INTO `t_system_menu` VALUES (14, '查看', 5, 'bnt.sysMenu.list', 2, NULL, NULL, NULL, NULL, 1, 1, '2021-05-31 18:05:37', '2023-03-13 14:22:33', 0);
INSERT INTO `t_system_menu` VALUES (15, '添加', 5, 'bnt.sysMenu.add', 2, NULL, NULL, NULL, NULL, 1, 1, '2021-05-31 18:05:37', '2023-03-13 14:22:34', 0);
INSERT INTO `t_system_menu` VALUES (16, '修改', 5, 'bnt.sysMenu.update', 2, NULL, NULL, NULL, NULL, 1, 1, '2021-05-31 18:05:37', '2023-03-13 14:22:35', 0);
INSERT INTO `t_system_menu` VALUES (17, '删除', 5, 'bnt.sysMenu.remove', 2, NULL, NULL, NULL, NULL, 1, 1, '2021-05-31 18:05:37', '2023-03-13 14:22:38', 0);
INSERT INTO `t_system_menu` VALUES (18, '分配角色', 3, 'bnt.sysUser.assignRole', 2, NULL, NULL, NULL, NULL, 1, 1, '2022-05-23 17:14:32', '2023-03-13 14:22:43', 0);
INSERT INTO `t_system_menu` VALUES (19, '分配权限', 4, 'bnt.sysRole.assignAuth', 2, 'assignAuth', 'system/sysRole/AssignAuth', NULL, NULL, 1, 1, '2022-05-23 17:18:14', '2023-03-13 14:22:48', 0);
INSERT INTO `t_system_menu` VALUES (30, '操作日志', 34, '', 1, 'sysOperLog', 'system/sysOperLog/list', 'el-icon-document-remove', NULL, 7, 1, '2022-05-26 16:09:59', '2023-03-14 15:25:32', 0);
INSERT INTO `t_system_menu` VALUES (31, '查看', 30, 'bnt.sysOperLog.list', 2, NULL, NULL, NULL, NULL, 1, 1, '2022-05-26 16:10:17', '2023-03-13 14:23:03', 0);
INSERT INTO `t_system_menu` VALUES (32, '登录日志', 34, '', 1, 'sysLoginLog', 'system/sysLoginLog/list', 'el-icon-s-goods', NULL, 8, 1, '2022-05-26 16:36:13', '2023-03-14 15:25:33', 0);
INSERT INTO `t_system_menu` VALUES (33, '查看', 32, 'bnt.sysLoginLog.list', 2, NULL, NULL, NULL, NULL, 1, 1, '2022-05-26 16:36:31', '2023-03-13 14:23:11', 0);
INSERT INTO `t_system_menu` VALUES (34, '日志管理', 0, '', 0, 'log', 'ParentView', 'el-icon-tickets', NULL, 6, 1, '2022-05-31 13:23:07', '2023-03-14 15:25:34', 0);
INSERT INTO `t_system_menu` VALUES (35, '商品管理', 0, '', 0, 'forms', 'form/Index', 'el-icon-tickets', NULL, NULL, 1, '2023-03-13 14:04:13', '2023-03-14 15:42:41', 0);
INSERT INTO `t_system_menu` VALUES (36, 'cs', 35, 'bnt', 0, NULL, 'form/Index/', NULL, NULL, NULL, 1, '2023-03-13 14:04:49', '2023-03-13 14:23:13', 0);

-- ----------------------------
-- Table structure for t_system_operation_log
-- ----------------------------
DROP TABLE IF EXISTS `t_system_operation_log`;
CREATE TABLE `t_system_operation_log`  (
  `id` bigint NOT NULL AUTO_INCREMENT COMMENT '日志主键',
  `title` varchar(50) CHARACTER SET utf8 COLLATE utf8_general_ci NULL DEFAULT '' COMMENT '模块标题',
  `business_type` varchar(20) CHARACTER SET utf8 COLLATE utf8_general_ci NULL DEFAULT '0' COMMENT '业务类型（0其它 1新增 2修改 3删除）',
  `method` varchar(100) CHARACTER SET utf8 COLLATE utf8_general_ci NULL DEFAULT '' COMMENT '方法名称',
  `request_method` varchar(10) CHARACTER SET utf8 COLLATE utf8_general_ci NULL DEFAULT '' COMMENT '请求方式',
  `operator_type` varchar(20) CHARACTER SET utf8 COLLATE utf8_general_ci NULL DEFAULT '0' COMMENT '操作类别（0其它 1后台用户 2手机端用户）',
  `operation_name` varchar(50) CHARACTER SET utf8 COLLATE utf8_general_ci NULL DEFAULT '' COMMENT '操作人员',
  `operation_url` varchar(255) CHARACTER SET utf8 COLLATE utf8_general_ci NULL DEFAULT '' COMMENT '请求URL',
  `operation_ip` varchar(128) CHARACTER SET utf8 COLLATE utf8_general_ci NULL DEFAULT '' COMMENT '主机地址',
  `operation_param` varchar(2000) CHARACTER SET utf8 COLLATE utf8_general_ci NULL DEFAULT '' COMMENT '请求参数',
  `json_result` varchar(2000) CHARACTER SET utf8 COLLATE utf8_general_ci NULL DEFAULT '' COMMENT '返回参数',
  `status` int NULL DEFAULT 0 COMMENT '操作状态（0正常 1异常）',
  `error_msg` varchar(2000) CHARACTER SET utf8 COLLATE utf8_general_ci NULL DEFAULT '' COMMENT '错误消息',
  `operation_time` varchar(200) CHARACTER SET utf8 COLLATE utf8_general_ci NULL DEFAULT NULL COMMENT '操作时间',
  `create_time` timestamp NULL DEFAULT CURRENT_TIMESTAMP ON UPDATE CURRENT_TIMESTAMP,
  `update_time` timestamp NULL DEFAULT NULL ON UPDATE CURRENT_TIMESTAMP,
  `is_deleted` tinyint NOT NULL DEFAULT 0 COMMENT '删除标记（0:可用 1:已删除）',
  PRIMARY KEY (`id`) USING BTREE
) ENGINE = InnoDB AUTO_INCREMENT = 1635878305389383681 CHARACTER SET = utf8 COLLATE = utf8_general_ci ROW_FORMAT = Dynamic;

-- ----------------------------
-- Records of t_system_operation_log
-- ----------------------------
INSERT INTO `t_system_operation_log` VALUES (1632569463243030530, '分页查询用户', 'SELECT', 'org.zzd.controller.SystemUserController.queryPage()', 'POST', 'MANAGE', 'admin', '/api/systemUser/queryPage', '192.168.244.1', '{\"endCreateTime\":\"\",\"pageNum\":\"1\",\"pageSize\":\"10\",\"startCreateTime\":\"\"}', '{\"code\":200,\"data\":{\"data\":[{\"avatar\":\"https://wpimg.wallstcn.com/f778738c-e4f8-4870-b634-56703b4acafe.gif?imageView2/1/w/80/h/80\",\"birthday\":1674230400000,\"createTime\":1672927128000,\"description\":\"123123\",\"email\":\"1031155817@qq.com\",\"enabled\":1,\"gender\":\"3\",\"id\":1,\"isDeleted\":0,\"password\":\"$2a$10$4tlSGeAvQCo5Ej0oMsVe.u2yBIMsYrKYCrqXlMRHd76D52So/HuKa\",\"phone\":\"15099909888\",\"realname\":\"管理员\",\"updateTime\":1676527682000,\"userType\":0,\"username\":\"admin\"},{\"createTime\":1673795646000,\"description\":\"这是一个普通账号\",\"email\":\"12323\",\"enabled\":1,\"gender\":\"3\",\"id\":3,\"isDeleted\":0,\"password\":\"$2a$10$vBqqHx141pXwhiUN8fVr.eojDQl/mD8pPIlP6zI6kDJJ2XiDOU4I.\",\"phone\":\"12323\",\"realname\":\"ffee\",\"updateTime\":1675222994000,\"userType\":1,\"username\":\"12323\"},{\"birthday\":1600358400000,\"createTime\":1674273542000,\"description\":\"des\",\"email\":\"13030302021@qq.com\",\"enabled\":1,\"gender\":\"0\",\"id\":4,\"isDeleted\":0,\"loginIp\":\"\",\"password\":\"$2a$10$TG0vliQ7F9PemlpCcVlxaucB54XfM2bARK/yJlFAFPNHLpYKUffzq\",\"phone\":\"13432321212\",\"realname\":\"张三\",\"updateTime\":1674704187000,\"userType\":0,\"username\":\"zhangsan\"},{\"createTime\":1677323238000,\"email\":\"abc@123.com\",\"enabled\":0,\"gender\":\"3\",\"id\":9,\"isDeleted\":0,\"password\":\"$2a$10$VU/qz3FZLHtYajMG5VZtNeHuZRfuuGrjaViyWLFVC4Kdkmd6BDy02\",\"phone\":\"13432343234\",\"updateTime\":1678069295000,\"userType\":1,\"username\":\"abc\"}],\"pageNum\":1,\"pageSize\":10,\"totalCount\":4,\"totalPage\":1},\"message\":\"操作成功\",\"success\":true}', 1, '', '101ms', '2023-03-06 10:31:06', NULL, 0);
INSERT INTO `t_system_operation_log` VALUES (1632570038957391874, '分页查询用户', 'SELECT', 'org.zzd.controller.SystemUserController.queryPage()', 'POST', 'MANAGE', 'admin', '/api/systemUser/queryPage', '192.168.244.1', '{\"endCreateTime\":\"\",\"pageNum\":\"1\",\"pageSize\":\"10\",\"startCreateTime\":\"\"}', '{\"code\":200,\"data\":{\"data\":[{\"avatar\":\"https://wpimg.wallstcn.com/f778738c-e4f8-4870-b634-56703b4acafe.gif?imageView2/1/w/80/h/80\",\"birthday\":1674230400000,\"createTime\":1672927128000,\"description\":\"123123\",\"email\":\"1031155817@qq.com\",\"enabled\":1,\"gender\":\"3\",\"id\":1,\"isDeleted\":0,\"password\":\"$2a$10$4tlSGeAvQCo5Ej0oMsVe.u2yBIMsYrKYCrqXlMRHd76D52So/HuKa\",\"phone\":\"15099909888\",\"realname\":\"管理员\",\"updateTime\":1676527682000,\"userType\":0,\"username\":\"admin\"},{\"createTime\":1673795646000,\"description\":\"这是一个普通账号\",\"email\":\"12323\",\"enabled\":1,\"gender\":\"3\",\"id\":3,\"isDeleted\":0,\"password\":\"$2a$10$vBqqHx141pXwhiUN8fVr.eojDQl/mD8pPIlP6zI6kDJJ2XiDOU4I.\",\"phone\":\"12323\",\"realname\":\"ffee\",\"updateTime\":1675222994000,\"userType\":1,\"username\":\"12323\"},{\"birthday\":1600358400000,\"createTime\":1674273542000,\"description\":\"des\",\"email\":\"13030302021@qq.com\",\"enabled\":1,\"gender\":\"0\",\"id\":4,\"isDeleted\":0,\"loginIp\":\"\",\"password\":\"$2a$10$TG0vliQ7F9PemlpCcVlxaucB54XfM2bARK/yJlFAFPNHLpYKUffzq\",\"phone\":\"13432321212\",\"realname\":\"张三\",\"updateTime\":1674704187000,\"userType\":0,\"username\":\"zhangsan\"},{\"createTime\":1677323238000,\"email\":\"abc@123.com\",\"enabled\":0,\"gender\":\"3\",\"id\":9,\"isDeleted\":0,\"password\":\"$2a$10$VU/qz3FZLHtYajMG5VZtNeHuZRfuuGrjaViyWLFVC4Kdkmd6BDy02\",\"phone\":\"13432343234\",\"updateTime\":1678069295000,\"userType\":1,\"username\":\"abc\"}],\"pageNum\":1,\"pageSize\":10,\"totalCount\":4,\"totalPage\":1},\"message\":\"操作成功\",\"success\":true}', 1, '', '16ms', NULL, NULL, 0);
INSERT INTO `t_system_operation_log` VALUES (1632570230423175170, '用户详情', 'READ', 'org.zzd.controller.SystemUserController.selectOne()', 'GET', 'MANAGE', 'admin', '/api/systemUser/read', '192.168.244.1', '', '', 0, '参数无效', '15ms', '2023-03-06 10:34:09', NULL, 0);
INSERT INTO `t_system_operation_log` VALUES (1632935858262835202, '分页查询用户', 'SELECT', 'org.zzd.controller.SystemUserController.queryPage()', 'POST', 'MANAGE', 'admin', '/api/systemUser/queryPage', '192.168.244.1', '{\"endCreateTime\":\"\",\"pageNum\":\"1\",\"pageSize\":\"10\",\"startCreateTime\":\"\"}', '{\"code\":200,\"data\":{\"data\":[{\"avatar\":\"https://wpimg.wallstcn.com/f778738c-e4f8-4870-b634-56703b4acafe.gif?imageView2/1/w/80/h/80\",\"birthday\":1674230400000,\"createTime\":1672927128000,\"description\":\"123123\",\"email\":\"1031155817@qq.com\",\"enabled\":1,\"gender\":\"3\",\"id\":1,\"isDeleted\":0,\"password\":\"$2a$10$4tlSGeAvQCo5Ej0oMsVe.u2yBIMsYrKYCrqXlMRHd76D52So/HuKa\",\"phone\":\"15099909888\",\"realname\":\"管理员\",\"updateTime\":1676527682000,\"userType\":0,\"username\":\"admin\"},{\"createTime\":1673795646000,\"description\":\"这是一个普通账号\",\"email\":\"12323\",\"enabled\":1,\"gender\":\"3\",\"id\":3,\"isDeleted\":0,\"password\":\"$2a$10$vBqqHx141pXwhiUN8fVr.eojDQl/mD8pPIlP6zI6kDJJ2XiDOU4I.\",\"phone\":\"12323\",\"realname\":\"ffee\",\"updateTime\":1675222994000,\"userType\":1,\"username\":\"12323\"},{\"birthday\":1600358400000,\"createTime\":1674273542000,\"description\":\"des\",\"email\":\"13030302021@qq.com\",\"enabled\":1,\"gender\":\"0\",\"id\":4,\"isDeleted\":0,\"loginIp\":\"\",\"password\":\"$2a$10$TG0vliQ7F9PemlpCcVlxaucB54XfM2bARK/yJlFAFPNHLpYKUffzq\",\"phone\":\"13432321212\",\"realname\":\"张三\",\"updateTime\":1674704187000,\"userType\":0,\"username\":\"zhangsan\"},{\"createTime\":1677323238000,\"email\":\"abc@123.com\",\"enabled\":0,\"gender\":\"3\",\"id\":9,\"isDeleted\":0,\"password\":\"$2a$10$VU/qz3FZLHtYajMG5VZtNeHuZRfuuGrjaViyWLFVC4Kdkmd6BDy02\",\"phone\":\"13432343234\",\"updateTime\":1678069295000,\"userType\":1,\"username\":\"abc\"}],\"pageNum\":1,\"pageSize\":10,\"totalCount\":4,\"totalPage\":1},\"message\":\"操作成功\",\"success\":true}', 1, '', '66ms', '2023-03-07 10:47:02', NULL, 0);
INSERT INTO `t_system_operation_log` VALUES (1632935869935583234, '分页查询用户', 'SELECT', 'org.zzd.controller.SystemUserController.queryPage()', 'POST', 'MANAGE', 'admin', '/api/systemUser/queryPage', '192.168.244.1', '{\"endCreateTime\":\"\",\"pageNum\":\"\",\"pageSize\":\"10\",\"startCreateTime\":\"\"}', '', 0, 'For input string: \"\"', '2ms', '2023-03-07 10:47:05', NULL, 0);
INSERT INTO `t_system_operation_log` VALUES (1632936462217388034, '分页查询用户', 'SELECT', 'org.zzd.controller.SystemUserController.queryPage()', 'POST', 'MANAGE', 'admin', '/api/systemUser/queryPage', '192.168.244.1', '{\"endCreateTime\":\"\",\"pageNum\":\"\",\"pageSize\":\"10\",\"startCreateTime\":\"\"}', '', 0, 'For input string: \"\"', '12ms', '2023-03-07 10:49:26', NULL, 0);
INSERT INTO `t_system_operation_log` VALUES (1632936537559670785, '分页查询用户', 'SELECT', 'org.zzd.controller.SystemUserController.queryPage()', 'POST', 'MANAGE', 'admin', '/api/systemUser/queryPage', '192.168.244.1', '{\"endCreateTime\":\"\",\"pageSize\":\"10\",\"startCreateTime\":\"\"}', '', 0, 'null', '0ms', '2023-03-07 10:49:44', NULL, 0);
INSERT INTO `t_system_operation_log` VALUES (1632937014854684673, '分页查询用户', 'SELECT', 'org.zzd.controller.SystemUserController.queryPage()', 'POST', 'MANAGE', 'admin', '/api/systemUser/queryPage', '192.168.244.1', '{\"endCreateTime\":\"\",\"pageNum\":\"5\",\"pageSize\":\"10\",\"startCreateTime\":\"\"}', '', 0, '2', '30ms', '2023-03-07 10:51:37', NULL, 0);
INSERT INTO `t_system_operation_log` VALUES (1632940868417658881, '分页查询用户', 'SELECT', 'org.zzd.controller.SystemUserController.queryPage()', 'POST', 'MANAGE', 'admin', '/api/systemUser/queryPage', '192.168.244.1', '{\"endCreateTime\":\"\",\"pageNum\":\"1\",\"pageSize\":\"10\",\"startCreateTime\":\"\"}', '{\"code\":200,\"data\":{\"data\":[{\"avatar\":\"https://wpimg.wallstcn.com/f778738c-e4f8-4870-b634-56703b4acafe.gif?imageView2/1/w/80/h/80\",\"birthday\":1674230400000,\"createTime\":1672927128000,\"description\":\"123123\",\"email\":\"1031155817@qq.com\",\"enabled\":1,\"gender\":\"3\",\"id\":1,\"isDeleted\":0,\"password\":\"$2a$10$4tlSGeAvQCo5Ej0oMsVe.u2yBIMsYrKYCrqXlMRHd76D52So/HuKa\",\"phone\":\"15099909888\",\"realname\":\"管理员\",\"updateTime\":1676527682000,\"userType\":0,\"username\":\"admin\"},{\"createTime\":1673795646000,\"description\":\"这是一个普通账号\",\"email\":\"12323\",\"enabled\":1,\"gender\":\"3\",\"id\":3,\"isDeleted\":0,\"password\":\"$2a$10$vBqqHx141pXwhiUN8fVr.eojDQl/mD8pPIlP6zI6kDJJ2XiDOU4I.\",\"phone\":\"12323\",\"realname\":\"ffee\",\"updateTime\":1675222994000,\"userType\":1,\"username\":\"12323\"},{\"birthday\":1600358400000,\"createTime\":1674273542000,\"description\":\"des\",\"email\":\"13030302021@qq.com\",\"enabled\":1,\"gender\":\"0\",\"id\":4,\"isDeleted\":0,\"loginIp\":\"\",\"password\":\"$2a$10$TG0vliQ7F9PemlpCcVlxaucB54XfM2bARK/yJlFAFPNHLpYKUffzq\",\"phone\":\"13432321212\",\"realname\":\"张三\",\"updateTime\":1674704187000,\"userType\":0,\"username\":\"zhangsan\"},{\"createTime\":1677323238000,\"email\":\"abc@123.com\",\"enabled\":0,\"gender\":\"3\",\"id\":9,\"isDeleted\":0,\"password\":\"$2a$10$VU/qz3FZLHtYajMG5VZtNeHuZRfuuGrjaViyWLFVC4Kdkmd6BDy02\",\"phone\":\"13432343234\",\"updateTime\":1678069295000,\"userType\":1,\"username\":\"abc\"}],\"pageNum\":1,\"pageSize\":10,\"totalCount\":4,\"totalPage\":1},\"message\":\"操作成功\",\"success\":true}', 1, '', '294ms', '2023-03-07 11:06:56', NULL, 0);
INSERT INTO `t_system_operation_log` VALUES (1632945268112531457, '分页查询用户', 'SELECT', 'org.zzd.controller.SystemUserController.queryPage()', 'POST', 'MANAGE', 'admin', '/api/systemUser/queryPage', '192.168.244.1', '{\"endCreateTime\":\"\",\"pageNum\":\"1\",\"pageSize\":\"10\",\"startCreateTime\":\"\"}', '{\"code\":200,\"data\":{\"data\":[{\"avatar\":\"https://wpimg.wallstcn.com/f778738c-e4f8-4870-b634-56703b4acafe.gif?imageView2/1/w/80/h/80\",\"birthday\":1674230400000,\"createTime\":1672927128000,\"description\":\"123123\",\"email\":\"1031155817@qq.com\",\"enabled\":1,\"gender\":\"3\",\"id\":1,\"isDeleted\":0,\"password\":\"$2a$10$4tlSGeAvQCo5Ej0oMsVe.u2yBIMsYrKYCrqXlMRHd76D52So/HuKa\",\"phone\":\"15099909888\",\"realname\":\"管理员\",\"updateTime\":1676527682000,\"userType\":0,\"username\":\"admin\"},{\"createTime\":1673795646000,\"description\":\"这是一个普通账号\",\"email\":\"12323\",\"enabled\":1,\"gender\":\"3\",\"id\":3,\"isDeleted\":0,\"password\":\"$2a$10$vBqqHx141pXwhiUN8fVr.eojDQl/mD8pPIlP6zI6kDJJ2XiDOU4I.\",\"phone\":\"12323\",\"realname\":\"ffee\",\"updateTime\":1675222994000,\"userType\":1,\"username\":\"12323\"},{\"birthday\":1600358400000,\"createTime\":1674273542000,\"description\":\"des\",\"email\":\"13030302021@qq.com\",\"enabled\":1,\"gender\":\"0\",\"id\":4,\"isDeleted\":0,\"loginIp\":\"\",\"password\":\"$2a$10$TG0vliQ7F9PemlpCcVlxaucB54XfM2bARK/yJlFAFPNHLpYKUffzq\",\"phone\":\"13432321212\",\"realname\":\"张三\",\"updateTime\":1674704187000,\"userType\":0,\"username\":\"zhangsan\"},{\"createTime\":1677323238000,\"email\":\"abc@123.com\",\"enabled\":0,\"gender\":\"3\",\"id\":9,\"isDeleted\":0,\"password\":\"$2a$10$VU/qz3FZLHtYajMG5VZtNeHuZRfuuGrjaViyWLFVC4Kdkmd6BDy02\",\"phone\":\"13432343234\",\"updateTime\":1678069295000,\"userType\":1,\"username\":\"abc\"}],\"pageNum\":1,\"pageSize\":10,\"totalCount\":4,\"totalPage\":1},\"message\":\"操作成功\",\"success\":true}', 1, '', '17ms', '2023-03-07 11:24:25', NULL, 0);
INSERT INTO `t_system_operation_log` VALUES (1634498717966983170, '获取当前登录用户信息', 'SELECT', 'org.zzd.controller.LoginController.getInfo()', 'GET', 'MANAGE', 'admin', '/api/systemUser/info', '192.168.244.1', '', '{\"code\":200,\"data\":{\"userInfo\":{\"avatar\":\"https://wpimg.wallstcn.com/f778738c-e4f8-4870-b634-56703b4acafe.gif?imageView2/1/w/80/h/80\",\"birthday\":1674230400000,\"createTime\":1672927128000,\"description\":\"123123\",\"email\":\"1031155817@qq.com\",\"enabled\":1,\"gender\":\"3\",\"id\":1,\"isDeleted\":0,\"phone\":\"15099909888\",\"realname\":\"管理员\",\"updateTime\":1676527682000,\"userType\":0,\"username\":\"admin\"}},\"message\":\"操作成功\",\"success\":true}', 1, '', '16ms', '2023-03-11 18:17:17', NULL, 0);
INSERT INTO `t_system_operation_log` VALUES (1634500381453185025, '获取当前登录用户信息', 'SELECT', 'org.zzd.controller.LoginController.getInfo()', 'GET', 'MANAGE', 'admin', '/api/systemUser/info', '192.168.244.1', '', '{\"code\":200,\"data\":{\"userInfo\":{\"avatar\":\"https://wpimg.wallstcn.com/f778738c-e4f8-4870-b634-56703b4acafe.gif?imageView2/1/w/80/h/80\",\"birthday\":1674230400000,\"createTime\":1672927128000,\"description\":\"123123\",\"email\":\"1031155817@qq.com\",\"enabled\":true,\"gender\":\"3\",\"id\":1,\"isDeleted\":0,\"phone\":\"15099909888\",\"realname\":\"管理员\",\"updateTime\":1676527682000,\"userType\":0,\"username\":\"admin\"}},\"message\":\"操作成功\",\"success\":true}', 1, '', '16ms', '2023-03-11 18:23:53', NULL, 0);
INSERT INTO `t_system_operation_log` VALUES (1634820815767777282, '获取当前登录用户信息', 'SELECT', 'org.zzd.controller.LoginController.getInfo()', 'GET', 'MANAGE', 'admin', '/api/systemUser/info', '192.168.244.1', '', '{\"code\":200,\"data\":{\"userInfo\":{\"avatar\":\"https://wpimg.wallstcn.com/f778738c-e4f8-4870-b634-56703b4acafe.gif?imageView2/1/w/80/h/80\",\"birthday\":1674230400000,\"createTime\":1672927128000,\"description\":\"123123\",\"email\":\"1031155817@qq.com\",\"enabled\":true,\"gender\":\"3\",\"id\":1,\"isDeleted\":0,\"phone\":\"15099909888\",\"realname\":\"管理员\",\"updateTime\":1676527682000,\"userType\":0,\"username\":\"admin\"}},\"message\":\"操作成功\",\"success\":true}', 1, '', '11ms', '2023-03-12 15:37:11', NULL, 0);
INSERT INTO `t_system_operation_log` VALUES (1634827912647565313, '分页查询用户', 'SELECT', 'org.zzd.controller.SystemUserController.queryPage()', 'POST', 'MANAGE', 'admin', '/api/systemUser/queryPage', '192.168.244.1', '{\"endCreateTime\":\"\",\"pageNum\":\"1\",\"pageSize\":\"10\",\"startCreateTime\":\"\"}', '{\"code\":200,\"data\":{\"data\":[{\"avatar\":\"https://wpimg.wallstcn.com/f778738c-e4f8-4870-b634-56703b4acafe.gif?imageView2/1/w/80/h/80\",\"birthday\":1674230400000,\"createTime\":1672927128000,\"description\":\"123123\",\"email\":\"1031155817@qq.com\",\"enabled\":true,\"gender\":\"3\",\"id\":1,\"isDeleted\":0,\"password\":\"$2a$10$4tlSGeAvQCo5Ej0oMsVe.u2yBIMsYrKYCrqXlMRHd76D52So/HuKa\",\"phone\":\"15099909888\",\"realname\":\"管理员\",\"updateTime\":1676527682000,\"userType\":0,\"username\":\"admin\"},{\"createTime\":1673795646000,\"description\":\"这是一个普通账号\",\"email\":\"12323\",\"enabled\":true,\"gender\":\"3\",\"id\":3,\"isDeleted\":0,\"password\":\"$2a$10$vBqqHx141pXwhiUN8fVr.eojDQl/mD8pPIlP6zI6kDJJ2XiDOU4I.\",\"phone\":\"12323\",\"realname\":\"ffee\",\"updateTime\":1675222994000,\"userType\":1,\"username\":\"12323\"},{\"birthday\":1600358400000,\"createTime\":1674273542000,\"description\":\"des\",\"email\":\"13030302021@qq.com\",\"enabled\":true,\"gender\":\"0\",\"id\":4,\"isDeleted\":0,\"loginIp\":\"\",\"password\":\"$2a$10$TG0vliQ7F9PemlpCcVlxaucB54XfM2bARK/yJlFAFPNHLpYKUffzq\",\"phone\":\"13432321212\",\"realname\":\"张三\",\"updateTime\":1674704187000,\"userType\":0,\"username\":\"zhangsan\"},{\"createTime\":1677323238000,\"email\":\"abc@123.com\",\"enabled\":false,\"gender\":\"3\",\"id\":9,\"isDeleted\":0,\"password\":\"$2a$10$VU/qz3FZLHtYajMG5VZtNeHuZRfuuGrjaViyWLFVC4Kdkmd6BDy02\",\"phone\":\"13432343234\",\"updateTime\":1678069295000,\"userType\":1,\"username\":\"abc\"}],\"pageNum\":1,\"pageSize\":10,\"totalCount\":4,\"totalPage\":1},\"message\":\"操作成功\",\"success\":true}', 1, '', '121ms', '2023-03-12 16:05:23', NULL, 0);
INSERT INTO `t_system_operation_log` VALUES (1634829562363850753, '获取当前登录用户信息', 'SELECT', 'org.zzd.controller.LoginController.getInfo()', 'GET', 'MANAGE', 'admin', '/api/systemUser/info', '192.168.244.1', '', '{\"code\":200,\"data\":{\"userInfo\":{\"avatar\":\"https://wpimg.wallstcn.com/f778738c-e4f8-4870-b634-56703b4acafe.gif?imageView2/1/w/80/h/80\",\"birthday\":1674230400000,\"createTime\":1672927128000,\"description\":\"123123\",\"email\":\"1031155817@qq.com\",\"enabled\":true,\"gender\":\"3\",\"id\":1,\"isDeleted\":0,\"phone\":\"15099909888\",\"realname\":\"管理员\",\"updateTime\":1676527682000,\"userType\":0,\"username\":\"admin\"}},\"message\":\"操作成功\",\"success\":true}', 1, '', '22ms', '2023-03-12 16:11:56', NULL, 0);
INSERT INTO `t_system_operation_log` VALUES (1634843612653105154, '分页查询用户', 'SELECT', 'org.zzd.controller.SystemUserController.queryPage()', 'POST', 'MANAGE', 'admin', '/api/systemUser/queryPage', '192.168.244.1', '{\"endCreateTime\":\"\",\"pageNum\":\"1\",\"pageSize\":\"10\",\"startCreateTime\":\"\"}', '{\"code\":200,\"data\":{\"data\":[{\"avatar\":\"https://wpimg.wallstcn.com/f778738c-e4f8-4870-b634-56703b4acafe.gif?imageView2/1/w/80/h/80\",\"birthday\":1674230400000,\"createTime\":1672927128000,\"description\":\"123123\",\"email\":\"1031155817@qq.com\",\"enabled\":true,\"gender\":\"3\",\"id\":1,\"isDeleted\":0,\"password\":\"$2a$10$4tlSGeAvQCo5Ej0oMsVe.u2yBIMsYrKYCrqXlMRHd76D52So/HuKa\",\"phone\":\"15099909888\",\"realname\":\"管理员\",\"updateTime\":1676527682000,\"userType\":0,\"username\":\"admin\"},{\"createTime\":1673795646000,\"description\":\"这是一个普通账号\",\"email\":\"12323\",\"enabled\":true,\"gender\":\"3\",\"id\":3,\"isDeleted\":0,\"password\":\"$2a$10$vBqqHx141pXwhiUN8fVr.eojDQl/mD8pPIlP6zI6kDJJ2XiDOU4I.\",\"phone\":\"12323\",\"realname\":\"ffee\",\"updateTime\":1675222994000,\"userType\":1,\"username\":\"12323\"},{\"birthday\":1600358400000,\"createTime\":1674273542000,\"description\":\"des\",\"email\":\"13030302021@qq.com\",\"enabled\":true,\"gender\":\"0\",\"id\":4,\"isDeleted\":0,\"loginIp\":\"\",\"password\":\"$2a$10$TG0vliQ7F9PemlpCcVlxaucB54XfM2bARK/yJlFAFPNHLpYKUffzq\",\"phone\":\"13432321212\",\"realname\":\"张三\",\"updateTime\":1674704187000,\"userType\":0,\"username\":\"zhangsan\"},{\"createTime\":1677323238000,\"email\":\"abc@123.com\",\"enabled\":false,\"gender\":\"3\",\"id\":9,\"isDeleted\":0,\"password\":\"$2a$10$VU/qz3FZLHtYajMG5VZtNeHuZRfuuGrjaViyWLFVC4Kdkmd6BDy02\",\"phone\":\"13432343234\",\"updateTime\":1678069295000,\"userType\":1,\"username\":\"abc\"}],\"pageNum\":1,\"pageSize\":10,\"totalCount\":4,\"totalPage\":1},\"message\":\"操作成功\",\"success\":true}', 1, '', '761ms', '2023-03-12 17:07:46', NULL, 0);
INSERT INTO `t_system_operation_log` VALUES (1634864072769961985, '分页查询用户', 'SELECT', 'org.zzd.controller.SystemUserController.queryPage()', 'POST', 'MANAGE', 'admin', '/api/systemUser/queryPage', '192.168.244.1', '{\"endCreateTime\":\"\",\"pageNum\":\"1\",\"pageSize\":\"10\",\"startCreateTime\":\"\"}', '{\"code\":200,\"data\":{\"data\":[{\"avatar\":\"https://wpimg.wallstcn.com/f778738c-e4f8-4870-b634-56703b4acafe.gif?imageView2/1/w/80/h/80\",\"birthday\":1674230400000,\"createTime\":1672927128000,\"description\":\"123123\",\"email\":\"1031155817@qq.com\",\"enabled\":true,\"gender\":\"3\",\"id\":1,\"isDeleted\":0,\"password\":\"$2a$10$4tlSGeAvQCo5Ej0oMsVe.u2yBIMsYrKYCrqXlMRHd76D52So/HuKa\",\"phone\":\"15099909888\",\"realname\":\"管理员\",\"updateTime\":1676527682000,\"userType\":0,\"username\":\"admin\"},{\"createTime\":1673795646000,\"description\":\"这是一个普通账号\",\"email\":\"12323\",\"enabled\":true,\"gender\":\"3\",\"id\":3,\"isDeleted\":0,\"password\":\"$2a$10$vBqqHx141pXwhiUN8fVr.eojDQl/mD8pPIlP6zI6kDJJ2XiDOU4I.\",\"phone\":\"12323\",\"realname\":\"ffee\",\"updateTime\":1675222994000,\"userType\":1,\"username\":\"12323\"},{\"birthday\":1600358400000,\"createTime\":1674273542000,\"description\":\"des\",\"email\":\"13030302021@qq.com\",\"enabled\":true,\"gender\":\"0\",\"id\":4,\"isDeleted\":0,\"loginIp\":\"\",\"password\":\"$2a$10$TG0vliQ7F9PemlpCcVlxaucB54XfM2bARK/yJlFAFPNHLpYKUffzq\",\"phone\":\"13432321212\",\"realname\":\"张三\",\"updateTime\":1674704187000,\"userType\":0,\"username\":\"zhangsan\"},{\"createTime\":1677323238000,\"email\":\"abc@123.com\",\"enabled\":false,\"gender\":\"3\",\"id\":9,\"isDeleted\":0,\"password\":\"$2a$10$VU/qz3FZLHtYajMG5VZtNeHuZRfuuGrjaViyWLFVC4Kdkmd6BDy02\",\"phone\":\"13432343234\",\"updateTime\":1678069295000,\"userType\":1,\"username\":\"abc\"}],\"pageNum\":1,\"pageSize\":10,\"totalCount\":4,\"totalPage\":1},\"message\":\"操作成功\",\"success\":true}', 1, '', '282ms', '2023-03-12 18:29:04', NULL, 0);
INSERT INTO `t_system_operation_log` VALUES (1634864164268703745, '获取当前登录用户信息', 'SELECT', 'org.zzd.controller.LoginController.getInfo()', 'GET', 'MANAGE', 'admin', '/api/systemUser/info', '192.168.244.1', '', '{\"code\":200,\"data\":{\"userInfo\":{\"avatar\":\"https://wpimg.wallstcn.com/f778738c-e4f8-4870-b634-56703b4acafe.gif?imageView2/1/w/80/h/80\",\"birthday\":1674230400000,\"createTime\":1672927128000,\"description\":\"123123\",\"email\":\"1031155817@qq.com\",\"enabled\":true,\"gender\":\"3\",\"id\":1,\"isDeleted\":0,\"phone\":\"15099909888\",\"realname\":\"管理员\",\"updateTime\":1676527682000,\"userType\":0,\"username\":\"admin\"}},\"message\":\"操作成功\",\"success\":true}', 1, '', '9ms', '2023-03-12 18:29:26', NULL, 0);
INSERT INTO `t_system_operation_log` VALUES (1634903059169574914, '分页查询用户', 'SELECT', 'org.zzd.controller.SystemUserController.queryPage()', 'POST', 'MANAGE', '', '/api/systemUser/queryPage', '192.168.244.1', '{\"endCreateTime\":\"\",\"pageNum\":\"1\",\"pageSize\":\"10\",\"startCreateTime\":\"\"}', '{\"code\":200,\"data\":{\"data\":[{\"avatar\":\"https://wpimg.wallstcn.com/f778738c-e4f8-4870-b634-56703b4acafe.gif?imageView2/1/w/80/h/80\",\"birthday\":1674230400000,\"createTime\":1672927128000,\"description\":\"123123\",\"email\":\"1031155817@qq.com\",\"gender\":\"3\",\"id\":1,\"isDeleted\":0,\"password\":\"$2a$10$4tlSGeAvQCo5Ej0oMsVe.u2yBIMsYrKYCrqXlMRHd76D52So/HuKa\",\"phone\":\"15099909888\",\"realname\":\"管理员\",\"status\":1,\"updateTime\":1676527682000,\"userType\":0,\"username\":\"admin\"},{\"createTime\":1673795646000,\"description\":\"这是一个普通账号\",\"email\":\"12323\",\"gender\":\"3\",\"id\":3,\"isDeleted\":0,\"password\":\"$2a$10$vBqqHx141pXwhiUN8fVr.eojDQl/mD8pPIlP6zI6kDJJ2XiDOU4I.\",\"phone\":\"12323\",\"realname\":\"ffee\",\"status\":1,\"updateTime\":1675222994000,\"userType\":1,\"username\":\"12323\"},{\"birthday\":1600358400000,\"createTime\":1674273542000,\"description\":\"des\",\"email\":\"13030302021@qq.com\",\"gender\":\"0\",\"id\":4,\"isDeleted\":0,\"loginIp\":\"\",\"password\":\"$2a$10$TG0vliQ7F9PemlpCcVlxaucB54XfM2bARK/yJlFAFPNHLpYKUffzq\",\"phone\":\"13432321212\",\"realname\":\"张三\",\"status\":1,\"updateTime\":1674704187000,\"userType\":0,\"username\":\"zhangsan\"},{\"createTime\":1677323238000,\"email\":\"abc@123.com\",\"gender\":\"3\",\"id\":9,\"isDeleted\":0,\"password\":\"$2a$10$VU/qz3FZLHtYajMG5VZtNeHuZRfuuGrjaViyWLFVC4Kdkmd6BDy02\",\"phone\":\"13432343234\",\"status\":0,\"updateTime\":1678069295000,\"userType\":1,\"username\":\"abc\"}],\"pageNum\":1,\"pageSize\":10,\"totalCount\":4,\"totalPage\":1},\"message\":\"操作成功\",\"success\":true}', 1, '', '98ms', '2023-03-12 21:03:59', NULL, 0);
INSERT INTO `t_system_operation_log` VALUES (1634903074436841473, '获取当前登录用户信息', 'SELECT', 'org.zzd.controller.LoginController.getInfo()', 'GET', 'MANAGE', '', '/api/systemUser/info', '192.168.244.1', '', '{\"code\":200,\"data\":{\"userInfo\":{\"avatar\":\"https://wpimg.wallstcn.com/f778738c-e4f8-4870-b634-56703b4acafe.gif?imageView2/1/w/80/h/80\",\"birthday\":1674230400000,\"createTime\":1672927128000,\"description\":\"123123\",\"email\":\"1031155817@qq.com\",\"gender\":\"3\",\"id\":1,\"isDeleted\":0,\"phone\":\"15099909888\",\"realname\":\"管理员\",\"status\":1,\"updateTime\":1676527682000,\"userType\":0,\"username\":\"admin\"}},\"message\":\"操作成功\",\"success\":true}', 1, '', '5ms', '2023-03-12 21:04:03', NULL, 0);
INSERT INTO `t_system_operation_log` VALUES (1634907222247063553, '分页查询用户', 'SELECT', 'org.zzd.controller.SystemUserController.queryPage()', 'POST', 'MANAGE', '', '/api/systemUser/queryPage', '192.168.244.1', '{\"endCreateTime\":\"\",\"pageNum\":\"1\",\"pageSize\":\"10\",\"startCreateTime\":\"\"}', '{\"code\":200,\"data\":{\"data\":[{\"avatar\":\"https://wpimg.wallstcn.com/f778738c-e4f8-4870-b634-56703b4acafe.gif?imageView2/1/w/80/h/80\",\"birthday\":1674230400000,\"createTime\":1672927128000,\"description\":\"123123\",\"email\":\"1031155817@qq.com\",\"gender\":\"3\",\"id\":1,\"isDeleted\":0,\"password\":\"$2a$10$4tlSGeAvQCo5Ej0oMsVe.u2yBIMsYrKYCrqXlMRHd76D52So/HuKa\",\"phone\":\"15099909888\",\"realname\":\"管理员\",\"status\":1,\"updateTime\":1676527682000,\"userType\":0,\"username\":\"admin\"},{\"createTime\":1673795646000,\"description\":\"这是一个普通账号\",\"email\":\"12323\",\"gender\":\"3\",\"id\":3,\"isDeleted\":0,\"password\":\"$2a$10$vBqqHx141pXwhiUN8fVr.eojDQl/mD8pPIlP6zI6kDJJ2XiDOU4I.\",\"phone\":\"12323\",\"realname\":\"ffee\",\"status\":1,\"updateTime\":1675222994000,\"userType\":1,\"username\":\"12323\"},{\"birthday\":1600358400000,\"createTime\":1674273542000,\"description\":\"des\",\"email\":\"13030302021@qq.com\",\"gender\":\"0\",\"id\":4,\"isDeleted\":0,\"loginIp\":\"\",\"password\":\"$2a$10$TG0vliQ7F9PemlpCcVlxaucB54XfM2bARK/yJlFAFPNHLpYKUffzq\",\"phone\":\"13432321212\",\"realname\":\"张三\",\"status\":1,\"updateTime\":1674704187000,\"userType\":0,\"username\":\"zhangsan\"},{\"createTime\":1677323238000,\"email\":\"abc@123.com\",\"gender\":\"3\",\"id\":9,\"isDeleted\":0,\"password\":\"$2a$10$VU/qz3FZLHtYajMG5VZtNeHuZRfuuGrjaViyWLFVC4Kdkmd6BDy02\",\"phone\":\"13432343234\",\"status\":0,\"updateTime\":1678069295000,\"userType\":1,\"username\":\"abc\"}],\"pageNum\":1,\"pageSize\":10,\"totalCount\":4,\"totalPage\":1},\"message\":\"操作成功\",\"success\":true}', 1, '', '96ms', '2023-03-12 21:20:32', NULL, 0);
INSERT INTO `t_system_operation_log` VALUES (1634910467770028033, '分页查询用户', 'SELECT', 'org.zzd.controller.SystemUserController.queryPage()', 'POST', 'MANAGE', '', '/api/systemUser/queryPage', '192.168.244.1', '{\"endCreateTime\":\"\",\"pageNum\":\"1\",\"pageSize\":\"10\",\"startCreateTime\":\"\"}', '{\"code\":200,\"data\":{\"data\":[{\"avatar\":\"https://wpimg.wallstcn.com/f778738c-e4f8-4870-b634-56703b4acafe.gif?imageView2/1/w/80/h/80\",\"birthday\":1674230400000,\"createTime\":1672927128000,\"description\":\"123123\",\"email\":\"1031155817@qq.com\",\"gender\":\"3\",\"id\":1,\"isDeleted\":0,\"password\":\"$2a$10$4tlSGeAvQCo5Ej0oMsVe.u2yBIMsYrKYCrqXlMRHd76D52So/HuKa\",\"phone\":\"15099909888\",\"realname\":\"管理员\",\"status\":1,\"updateTime\":1676527682000,\"userType\":0,\"username\":\"admin\"},{\"createTime\":1673795646000,\"description\":\"这是一个普通账号\",\"email\":\"12323\",\"gender\":\"3\",\"id\":3,\"isDeleted\":0,\"password\":\"$2a$10$vBqqHx141pXwhiUN8fVr.eojDQl/mD8pPIlP6zI6kDJJ2XiDOU4I.\",\"phone\":\"12323\",\"realname\":\"ffee\",\"status\":1,\"updateTime\":1675222994000,\"userType\":1,\"username\":\"12323\"},{\"birthday\":1600358400000,\"createTime\":1674273542000,\"description\":\"des\",\"email\":\"13030302021@qq.com\",\"gender\":\"0\",\"id\":4,\"isDeleted\":0,\"loginIp\":\"\",\"password\":\"$2a$10$TG0vliQ7F9PemlpCcVlxaucB54XfM2bARK/yJlFAFPNHLpYKUffzq\",\"phone\":\"13432321212\",\"realname\":\"张三\",\"status\":1,\"updateTime\":1674704187000,\"userType\":0,\"username\":\"zhangsan\"},{\"createTime\":1677323238000,\"email\":\"abc@123.com\",\"gender\":\"3\",\"id\":9,\"isDeleted\":0,\"password\":\"$2a$10$VU/qz3FZLHtYajMG5VZtNeHuZRfuuGrjaViyWLFVC4Kdkmd6BDy02\",\"phone\":\"13432343234\",\"status\":0,\"updateTime\":1678069295000,\"userType\":1,\"username\":\"abc\"}],\"pageNum\":1,\"pageSize\":10,\"totalCount\":4,\"totalPage\":1},\"message\":\"操作成功\",\"success\":true}', 1, '', '58ms', '2023-03-12 21:33:25', NULL, 0);
INSERT INTO `t_system_operation_log` VALUES (1635094846656077826, '分页查询用户', 'SELECT', 'org.zzd.controller.SystemUserController.queryPage()', 'POST', 'MANAGE', 'admin', '/api/systemUser/queryPage', '192.168.244.1', '{\"endCreateTime\":\"\",\"pageNum\":\"1\",\"pageSize\":\"10\",\"startCreateTime\":\"\"}', '{\"code\":200,\"data\":{\"data\":[{\"avatar\":\"https://wpimg.wallstcn.com/f778738c-e4f8-4870-b634-56703b4acafe.gif?imageView2/1/w/80/h/80\",\"birthday\":1674230400000,\"createTime\":1672927128000,\"description\":\"123123\",\"email\":\"1031155817@qq.com\",\"gender\":\"3\",\"id\":1,\"isDeleted\":0,\"password\":\"$2a$10$4tlSGeAvQCo5Ej0oMsVe.u2yBIMsYrKYCrqXlMRHd76D52So/HuKa\",\"phone\":\"15099909888\",\"realname\":\"管理员\",\"status\":1,\"updateTime\":1676527682000,\"userType\":0,\"username\":\"admin\"},{\"createTime\":1673795646000,\"description\":\"这是一个普通账号\",\"email\":\"12323\",\"gender\":\"3\",\"id\":3,\"isDeleted\":0,\"password\":\"$2a$10$vBqqHx141pXwhiUN8fVr.eojDQl/mD8pPIlP6zI6kDJJ2XiDOU4I.\",\"phone\":\"12323\",\"realname\":\"ffee\",\"status\":1,\"updateTime\":1675222994000,\"userType\":1,\"username\":\"12323\"},{\"birthday\":1600358400000,\"createTime\":1674273542000,\"description\":\"des\",\"email\":\"13030302021@qq.com\",\"gender\":\"0\",\"id\":4,\"isDeleted\":0,\"loginIp\":\"\",\"password\":\"$2a$10$TG0vliQ7F9PemlpCcVlxaucB54XfM2bARK/yJlFAFPNHLpYKUffzq\",\"phone\":\"13432321212\",\"realname\":\"张三\",\"status\":1,\"updateTime\":1674704187000,\"userType\":0,\"username\":\"zhangsan\"},{\"createTime\":1677323238000,\"email\":\"abc@123.com\",\"gender\":\"3\",\"id\":9,\"isDeleted\":0,\"password\":\"$2a$10$VU/qz3FZLHtYajMG5VZtNeHuZRfuuGrjaViyWLFVC4Kdkmd6BDy02\",\"phone\":\"13432343234\",\"status\":0,\"updateTime\":1678069295000,\"userType\":1,\"username\":\"abc\"}],\"pageNum\":1,\"pageSize\":10,\"totalCount\":4,\"totalPage\":1},\"message\":\"操作成功\",\"success\":true}', 1, '', '60ms', '2023-03-13 09:46:05', NULL, 0);
INSERT INTO `t_system_operation_log` VALUES (1635103235029094401, '获取当前登录用户信息', 'SELECT', 'org.zzd.controller.LoginController.getInfo()', 'GET', 'MANAGE', 'admin', '/api/systemUser/info', '192.168.244.1', '', '{\"code\":200,\"data\":{\"userInfo\":{\"avatar\":\"https://wpimg.wallstcn.com/f778738c-e4f8-4870-b634-56703b4acafe.gif?imageView2/1/w/80/h/80\",\"birthday\":1674230400000,\"createTime\":1672927128000,\"description\":\"123123\",\"email\":\"1031155817@qq.com\",\"gender\":\"3\",\"id\":1,\"isDeleted\":0,\"phone\":\"15099909888\",\"realname\":\"管理员\",\"status\":1,\"updateTime\":1676527682000,\"userType\":0,\"username\":\"admin\"}},\"message\":\"操作成功\",\"success\":true}', 1, '', '20ms', '2023-03-13 10:19:25', NULL, 0);
INSERT INTO `t_system_operation_log` VALUES (1635562379657990146, '分页查询用户', 'SELECT', 'org.zzd.controller.SystemUserController.queryPage()', 'POST', 'MANAGE', 'abc', '/api/systemUser/queryPage', '192.168.244.1', '{\"endCreateTime\":\"\",\"pageNum\":\"1\",\"pageSize\":\"10\",\"startCreateTime\":\"\"}', '{\"code\":200,\"data\":{\"data\":[{\"avatar\":\"https://wpimg.wallstcn.com/f778738c-e4f8-4870-b634-56703b4acafe.gif?imageView2/1/w/80/h/80\",\"birthday\":1674230400000,\"createTime\":1672927128000,\"description\":\"123123\",\"email\":\"1031155817@qq.com\",\"gender\":\"3\",\"id\":1,\"isDeleted\":0,\"password\":\"$2a$10$4tlSGeAvQCo5Ej0oMsVe.u2yBIMsYrKYCrqXlMRHd76D52So/HuKa\",\"phone\":\"15099909888\",\"realname\":\"管理员\",\"status\":1,\"updateTime\":1678690482000,\"userType\":0,\"username\":\"admin\"},{\"createTime\":1673795646000,\"description\":\"这是一个普通账号\",\"email\":\"12323\",\"gender\":\"3\",\"id\":3,\"isDeleted\":0,\"password\":\"$2a$10$vBqqHx141pXwhiUN8fVr.eojDQl/mD8pPIlP6zI6kDJJ2XiDOU4I.\",\"phone\":\"12323\",\"realname\":\"ffee\",\"status\":1,\"updateTime\":1675222994000,\"userType\":1,\"username\":\"12323\"},{\"birthday\":1600358400000,\"createTime\":1674273542000,\"description\":\"des\",\"email\":\"13030302021@qq.com\",\"gender\":\"0\",\"id\":4,\"isDeleted\":0,\"loginIp\":\"\",\"password\":\"$2a$10$TG0vliQ7F9PemlpCcVlxaucB54XfM2bARK/yJlFAFPNHLpYKUffzq\",\"phone\":\"13432321212\",\"realname\":\"张三\",\"status\":1,\"updateTime\":1674704187000,\"userType\":0,\"username\":\"zhangsan\"},{\"createTime\":1677323238000,\"email\":\"abc@123.com\",\"gender\":\"3\",\"id\":9,\"isDeleted\":0,\"password\":\"$2a$10$VU/qz3FZLHtYajMG5VZtNeHuZRfuuGrjaViyWLFVC4Kdkmd6BDy02\",\"phone\":\"13432343234\",\"status\":1,\"updateTime\":1678690413000,\"userType\":1,\"username\":\"abc\"}],\"pageNum\":1,\"pageSize\":10,\"totalCount\":4,\"totalPage\":1},\"message\":\"操作成功\",\"success\":true}', 1, '', '60ms', '2023-03-14 16:43:53', NULL, 0);
INSERT INTO `t_system_operation_log` VALUES (1635563906581782529, '分页查询用户', 'SELECT', 'org.zzd.controller.SystemUserController.queryPage()', 'POST', 'MANAGE', 'abc', '/api/systemUser/queryPage', '192.168.244.1', '{\"endCreateTime\":\"\",\"pageNum\":\"1\",\"pageSize\":\"10\",\"startCreateTime\":\"\"}', '{\"code\":200,\"data\":{\"data\":[{\"avatar\":\"https://wpimg.wallstcn.com/f778738c-e4f8-4870-b634-56703b4acafe.gif?imageView2/1/w/80/h/80\",\"birthday\":1674230400000,\"createTime\":1672927128000,\"description\":\"123123\",\"email\":\"1031155817@qq.com\",\"gender\":\"3\",\"id\":1,\"isDeleted\":0,\"password\":\"$2a$10$4tlSGeAvQCo5Ej0oMsVe.u2yBIMsYrKYCrqXlMRHd76D52So/HuKa\",\"phone\":\"15099909888\",\"realname\":\"管理员\",\"status\":1,\"updateTime\":1678690482000,\"userType\":0,\"username\":\"admin\"},{\"createTime\":1673795646000,\"description\":\"这是一个普通账号\",\"email\":\"12323\",\"gender\":\"3\",\"id\":3,\"isDeleted\":0,\"password\":\"$2a$10$vBqqHx141pXwhiUN8fVr.eojDQl/mD8pPIlP6zI6kDJJ2XiDOU4I.\",\"phone\":\"12323\",\"realname\":\"ffee\",\"status\":1,\"updateTime\":1675222994000,\"userType\":1,\"username\":\"12323\"},{\"birthday\":1600358400000,\"createTime\":1674273542000,\"description\":\"des\",\"email\":\"13030302021@qq.com\",\"gender\":\"0\",\"id\":4,\"isDeleted\":0,\"loginIp\":\"\",\"password\":\"$2a$10$TG0vliQ7F9PemlpCcVlxaucB54XfM2bARK/yJlFAFPNHLpYKUffzq\",\"phone\":\"13432321212\",\"realname\":\"张三\",\"status\":1,\"updateTime\":1674704187000,\"userType\":0,\"username\":\"zhangsan\"},{\"createTime\":1677323238000,\"email\":\"abc@123.com\",\"gender\":\"3\",\"id\":9,\"isDeleted\":0,\"password\":\"$2a$10$VU/qz3FZLHtYajMG5VZtNeHuZRfuuGrjaViyWLFVC4Kdkmd6BDy02\",\"phone\":\"13432343234\",\"status\":1,\"updateTime\":1678690413000,\"userType\":1,\"username\":\"abc\"}],\"pageNum\":1,\"pageSize\":10,\"totalCount\":4,\"totalPage\":1},\"message\":\"操作成功\",\"success\":true}', 1, '', '43ms', '2023-03-14 16:49:57', NULL, 0);
INSERT INTO `t_system_operation_log` VALUES (1635564117010010113, '分页查询用户', 'SELECT', 'org.zzd.controller.SystemUserController.queryPage()', 'POST', 'MANAGE', 'abc', '/api/systemUser/queryPage', '192.168.244.1', '{\"endCreateTime\":\"\",\"pageNum\":\"1\",\"pageSize\":\"10\",\"startCreateTime\":\"\"}', '{\"code\":200,\"data\":{\"data\":[{\"avatar\":\"https://wpimg.wallstcn.com/f778738c-e4f8-4870-b634-56703b4acafe.gif?imageView2/1/w/80/h/80\",\"birthday\":1674230400000,\"createTime\":1672927128000,\"description\":\"123123\",\"email\":\"1031155817@qq.com\",\"gender\":\"3\",\"id\":1,\"isDeleted\":0,\"password\":\"$2a$10$4tlSGeAvQCo5Ej0oMsVe.u2yBIMsYrKYCrqXlMRHd76D52So/HuKa\",\"phone\":\"15099909888\",\"realname\":\"管理员\",\"status\":1,\"updateTime\":1678690482000,\"userType\":0,\"username\":\"admin\"},{\"createTime\":1673795646000,\"description\":\"这是一个普通账号\",\"email\":\"12323\",\"gender\":\"3\",\"id\":3,\"isDeleted\":0,\"password\":\"$2a$10$vBqqHx141pXwhiUN8fVr.eojDQl/mD8pPIlP6zI6kDJJ2XiDOU4I.\",\"phone\":\"12323\",\"realname\":\"ffee\",\"status\":1,\"updateTime\":1675222994000,\"userType\":1,\"username\":\"12323\"},{\"birthday\":1600358400000,\"createTime\":1674273542000,\"description\":\"des\",\"email\":\"13030302021@qq.com\",\"gender\":\"0\",\"id\":4,\"isDeleted\":0,\"loginIp\":\"\",\"password\":\"$2a$10$TG0vliQ7F9PemlpCcVlxaucB54XfM2bARK/yJlFAFPNHLpYKUffzq\",\"phone\":\"13432321212\",\"realname\":\"张三\",\"status\":1,\"updateTime\":1674704187000,\"userType\":0,\"username\":\"zhangsan\"},{\"createTime\":1677323238000,\"email\":\"abc@123.com\",\"gender\":\"3\",\"id\":9,\"isDeleted\":0,\"password\":\"$2a$10$VU/qz3FZLHtYajMG5VZtNeHuZRfuuGrjaViyWLFVC4Kdkmd6BDy02\",\"phone\":\"13432343234\",\"status\":1,\"updateTime\":1678690413000,\"userType\":1,\"username\":\"abc\"}],\"pageNum\":1,\"pageSize\":10,\"totalCount\":4,\"totalPage\":1},\"message\":\"操作成功\",\"success\":true}', 1, '', '47ms', '2023-03-14 16:50:47', NULL, 0);
INSERT INTO `t_system_operation_log` VALUES (1635568205793591298, '分页查询用户', 'SELECT', 'org.zzd.controller.SystemUserController.queryPage()', 'POST', 'MANAGE', 'abc', '/api/systemUser/queryPage', '192.168.244.1', '{\"endCreateTime\":\"\",\"pageNum\":\"1\",\"pageSize\":\"10\",\"startCreateTime\":\"\"}', '{\"code\":200,\"data\":{\"data\":[{\"avatar\":\"https://wpimg.wallstcn.com/f778738c-e4f8-4870-b634-56703b4acafe.gif?imageView2/1/w/80/h/80\",\"birthday\":1674230400000,\"createTime\":1672927128000,\"description\":\"123123\",\"email\":\"1031155817@qq.com\",\"gender\":\"3\",\"id\":1,\"isDeleted\":0,\"password\":\"$2a$10$4tlSGeAvQCo5Ej0oMsVe.u2yBIMsYrKYCrqXlMRHd76D52So/HuKa\",\"phone\":\"15099909888\",\"realname\":\"管理员\",\"status\":1,\"updateTime\":1678690482000,\"userType\":0,\"username\":\"admin\"},{\"createTime\":1673795646000,\"description\":\"这是一个普通账号\",\"email\":\"12323\",\"gender\":\"3\",\"id\":3,\"isDeleted\":0,\"password\":\"$2a$10$vBqqHx141pXwhiUN8fVr.eojDQl/mD8pPIlP6zI6kDJJ2XiDOU4I.\",\"phone\":\"12323\",\"realname\":\"ffee\",\"status\":1,\"updateTime\":1675222994000,\"userType\":1,\"username\":\"12323\"},{\"birthday\":1600358400000,\"createTime\":1674273542000,\"description\":\"des\",\"email\":\"13030302021@qq.com\",\"gender\":\"0\",\"id\":4,\"isDeleted\":0,\"loginIp\":\"\",\"password\":\"$2a$10$TG0vliQ7F9PemlpCcVlxaucB54XfM2bARK/yJlFAFPNHLpYKUffzq\",\"phone\":\"13432321212\",\"realname\":\"张三\",\"status\":1,\"updateTime\":1674704187000,\"userType\":0,\"username\":\"zhangsan\"},{\"createTime\":1677323238000,\"email\":\"abc@123.com\",\"gender\":\"3\",\"id\":9,\"isDeleted\":0,\"password\":\"$2a$10$VU/qz3FZLHtYajMG5VZtNeHuZRfuuGrjaViyWLFVC4Kdkmd6BDy02\",\"phone\":\"13432343234\",\"status\":1,\"updateTime\":1678690413000,\"userType\":1,\"username\":\"abc\"}],\"pageNum\":1,\"pageSize\":10,\"totalCount\":4,\"totalPage\":1},\"message\":\"操作成功\",\"success\":true}', 1, '', '104ms', '2023-03-14 17:07:02', NULL, 0);
INSERT INTO `t_system_operation_log` VALUES (1635629706319556609, '分页查询用户', 'SELECT', 'org.zzd.controller.SystemUserController.queryPage()', 'POST', 'MANAGE', 'abc', '/api/systemUser/queryPage', '192.168.244.1', '{\"endCreateTime\":\"\",\"pageNum\":\"1\",\"pageSize\":\"10\",\"startCreateTime\":\"\"}', '{\"code\":200,\"data\":{\"data\":[{\"avatar\":\"https://wpimg.wallstcn.com/f778738c-e4f8-4870-b634-56703b4acafe.gif?imageView2/1/w/80/h/80\",\"birthday\":1674230400000,\"createTime\":1672927128000,\"description\":\"123123\",\"email\":\"1031155817@qq.com\",\"gender\":\"3\",\"id\":1,\"isDeleted\":0,\"password\":\"$2a$10$4tlSGeAvQCo5Ej0oMsVe.u2yBIMsYrKYCrqXlMRHd76D52So/HuKa\",\"phone\":\"15099909888\",\"realname\":\"管理员\",\"status\":1,\"updateTime\":1678690482000,\"userType\":0,\"username\":\"admin\"},{\"createTime\":1673795646000,\"description\":\"这是一个普通账号\",\"email\":\"12323\",\"gender\":\"3\",\"id\":3,\"isDeleted\":0,\"password\":\"$2a$10$vBqqHx141pXwhiUN8fVr.eojDQl/mD8pPIlP6zI6kDJJ2XiDOU4I.\",\"phone\":\"12323\",\"realname\":\"ffee\",\"status\":1,\"updateTime\":1675222994000,\"userType\":1,\"username\":\"12323\"},{\"birthday\":1600358400000,\"createTime\":1674273542000,\"description\":\"des\",\"email\":\"13030302021@qq.com\",\"gender\":\"0\",\"id\":4,\"isDeleted\":0,\"loginIp\":\"\",\"password\":\"$2a$10$TG0vliQ7F9PemlpCcVlxaucB54XfM2bARK/yJlFAFPNHLpYKUffzq\",\"phone\":\"13432321212\",\"realname\":\"张三\",\"status\":1,\"updateTime\":1674704187000,\"userType\":0,\"username\":\"zhangsan\"},{\"createTime\":1677323238000,\"email\":\"abc@123.com\",\"gender\":\"3\",\"id\":9,\"isDeleted\":0,\"password\":\"$2a$10$VU/qz3FZLHtYajMG5VZtNeHuZRfuuGrjaViyWLFVC4Kdkmd6BDy02\",\"phone\":\"13432343234\",\"status\":1,\"updateTime\":1678690413000,\"userType\":1,\"username\":\"abc\"}],\"pageNum\":1,\"pageSize\":10,\"totalCount\":4,\"totalPage\":1},\"message\":\"操作成功\",\"success\":true}', 1, '', '195ms', '2023-03-14 21:11:25', NULL, 0);
INSERT INTO `t_system_operation_log` VALUES (1635630203122253826, '分页查询用户', 'SELECT', 'org.zzd.controller.SystemUserController.queryPage()', 'POST', 'MANAGE', 'abc', '/api/systemUser/queryPage', '192.168.244.1', '{\"endCreateTime\":\"\",\"pageNum\":\"1\",\"pageSize\":\"10\",\"startCreateTime\":\"\"}', '{\"code\":200,\"data\":{\"data\":[{\"avatar\":\"https://wpimg.wallstcn.com/f778738c-e4f8-4870-b634-56703b4acafe.gif?imageView2/1/w/80/h/80\",\"birthday\":1674230400000,\"createTime\":1672927128000,\"description\":\"123123\",\"email\":\"1031155817@qq.com\",\"gender\":\"3\",\"id\":1,\"isDeleted\":0,\"password\":\"$2a$10$4tlSGeAvQCo5Ej0oMsVe.u2yBIMsYrKYCrqXlMRHd76D52So/HuKa\",\"phone\":\"15099909888\",\"realname\":\"管理员\",\"status\":1,\"updateTime\":1678690482000,\"userType\":0,\"username\":\"admin\"},{\"createTime\":1673795646000,\"description\":\"这是一个普通账号\",\"email\":\"12323\",\"gender\":\"3\",\"id\":3,\"isDeleted\":0,\"password\":\"$2a$10$vBqqHx141pXwhiUN8fVr.eojDQl/mD8pPIlP6zI6kDJJ2XiDOU4I.\",\"phone\":\"12323\",\"realname\":\"ffee\",\"status\":1,\"updateTime\":1675222994000,\"userType\":1,\"username\":\"12323\"},{\"birthday\":1600358400000,\"createTime\":1674273542000,\"description\":\"des\",\"email\":\"13030302021@qq.com\",\"gender\":\"0\",\"id\":4,\"isDeleted\":0,\"loginIp\":\"\",\"password\":\"$2a$10$TG0vliQ7F9PemlpCcVlxaucB54XfM2bARK/yJlFAFPNHLpYKUffzq\",\"phone\":\"13432321212\",\"realname\":\"张三\",\"status\":1,\"updateTime\":1674704187000,\"userType\":0,\"username\":\"zhangsan\"},{\"createTime\":1677323238000,\"email\":\"abc@123.com\",\"gender\":\"3\",\"id\":9,\"isDeleted\":0,\"password\":\"$2a$10$VU/qz3FZLHtYajMG5VZtNeHuZRfuuGrjaViyWLFVC4Kdkmd6BDy02\",\"phone\":\"13432343234\",\"status\":1,\"updateTime\":1678690413000,\"userType\":1,\"username\":\"abc\"}],\"pageNum\":1,\"pageSize\":10,\"totalCount\":4,\"totalPage\":1},\"message\":\"操作成功\",\"success\":true}', 1, '', '172ms', '2023-03-14 21:13:24', NULL, 0);
INSERT INTO `t_system_operation_log` VALUES (1635630571457716226, '分页查询用户', 'SELECT', 'org.zzd.controller.SystemUserController.queryPage()', 'POST', 'MANAGE', 'admin', '/api/systemUser/queryPage', '192.168.244.1', '{\"endCreateTime\":\"\",\"pageNum\":\"1\",\"pageSize\":\"10\",\"startCreateTime\":\"\"}', '{\"code\":200,\"data\":{\"data\":[{\"avatar\":\"https://wpimg.wallstcn.com/f778738c-e4f8-4870-b634-56703b4acafe.gif?imageView2/1/w/80/h/80\",\"birthday\":1674230400000,\"createTime\":1672927128000,\"description\":\"123123\",\"email\":\"1031155817@qq.com\",\"gender\":\"3\",\"id\":1,\"isDeleted\":0,\"password\":\"$2a$10$4tlSGeAvQCo5Ej0oMsVe.u2yBIMsYrKYCrqXlMRHd76D52So/HuKa\",\"phone\":\"15099909888\",\"realname\":\"管理员\",\"status\":1,\"updateTime\":1678690482000,\"userType\":0,\"username\":\"admin\"},{\"createTime\":1673795646000,\"description\":\"这是一个普通账号\",\"email\":\"12323\",\"gender\":\"3\",\"id\":3,\"isDeleted\":0,\"password\":\"$2a$10$vBqqHx141pXwhiUN8fVr.eojDQl/mD8pPIlP6zI6kDJJ2XiDOU4I.\",\"phone\":\"12323\",\"realname\":\"ffee\",\"status\":1,\"updateTime\":1675222994000,\"userType\":1,\"username\":\"12323\"},{\"birthday\":1600358400000,\"createTime\":1674273542000,\"description\":\"des\",\"email\":\"13030302021@qq.com\",\"gender\":\"0\",\"id\":4,\"isDeleted\":0,\"loginIp\":\"\",\"password\":\"$2a$10$TG0vliQ7F9PemlpCcVlxaucB54XfM2bARK/yJlFAFPNHLpYKUffzq\",\"phone\":\"13432321212\",\"realname\":\"张三\",\"status\":1,\"updateTime\":1674704187000,\"userType\":0,\"username\":\"zhangsan\"},{\"createTime\":1677323238000,\"email\":\"abc@123.com\",\"gender\":\"3\",\"id\":9,\"isDeleted\":0,\"password\":\"$2a$10$VU/qz3FZLHtYajMG5VZtNeHuZRfuuGrjaViyWLFVC4Kdkmd6BDy02\",\"phone\":\"13432343234\",\"status\":1,\"updateTime\":1678690413000,\"userType\":1,\"username\":\"abc\"}],\"pageNum\":1,\"pageSize\":10,\"totalCount\":4,\"totalPage\":1},\"message\":\"操作成功\",\"success\":true}', 1, '', '238ms', '2023-03-14 21:14:51', NULL, 0);
INSERT INTO `t_system_operation_log` VALUES (1635630992385495042, '分页查询用户', 'SELECT', 'org.zzd.controller.SystemUserController.queryPage()', 'POST', 'MANAGE', 'admin', '/api/systemUser/queryPage', '192.168.244.1', '{\"endCreateTime\":\"\",\"pageNum\":\"1\",\"pageSize\":\"10\",\"startCreateTime\":\"\"}', '{\"code\":200,\"data\":{\"data\":[{\"avatar\":\"https://wpimg.wallstcn.com/f778738c-e4f8-4870-b634-56703b4acafe.gif?imageView2/1/w/80/h/80\",\"birthday\":1674230400000,\"createTime\":1672927128000,\"description\":\"123123\",\"email\":\"1031155817@qq.com\",\"gender\":\"3\",\"id\":1,\"isDeleted\":0,\"password\":\"$2a$10$4tlSGeAvQCo5Ej0oMsVe.u2yBIMsYrKYCrqXlMRHd76D52So/HuKa\",\"phone\":\"15099909888\",\"realname\":\"管理员\",\"status\":1,\"updateTime\":1678690482000,\"userType\":0,\"username\":\"admin\"},{\"createTime\":1673795646000,\"description\":\"这是一个普通账号\",\"email\":\"12323\",\"gender\":\"3\",\"id\":3,\"isDeleted\":0,\"password\":\"$2a$10$vBqqHx141pXwhiUN8fVr.eojDQl/mD8pPIlP6zI6kDJJ2XiDOU4I.\",\"phone\":\"12323\",\"realname\":\"ffee\",\"status\":1,\"updateTime\":1675222994000,\"userType\":1,\"username\":\"12323\"},{\"birthday\":1600358400000,\"createTime\":1674273542000,\"description\":\"des\",\"email\":\"13030302021@qq.com\",\"gender\":\"0\",\"id\":4,\"isDeleted\":0,\"loginIp\":\"\",\"password\":\"$2a$10$TG0vliQ7F9PemlpCcVlxaucB54XfM2bARK/yJlFAFPNHLpYKUffzq\",\"phone\":\"13432321212\",\"realname\":\"张三\",\"status\":1,\"updateTime\":1674704187000,\"userType\":0,\"username\":\"zhangsan\"},{\"createTime\":1677323238000,\"email\":\"abc@123.com\",\"gender\":\"3\",\"id\":9,\"isDeleted\":0,\"password\":\"$2a$10$VU/qz3FZLHtYajMG5VZtNeHuZRfuuGrjaViyWLFVC4Kdkmd6BDy02\",\"phone\":\"13432343234\",\"status\":1,\"updateTime\":1678690413000,\"userType\":1,\"username\":\"abc\"}],\"pageNum\":1,\"pageSize\":10,\"totalCount\":4,\"totalPage\":1},\"message\":\"操作成功\",\"success\":true}', 1, '', '48ms', '2023-03-14 21:16:32', NULL, 0);
INSERT INTO `t_system_operation_log` VALUES (1635637378901082113, '分页查询用户', 'SELECT', 'org.zzd.controller.SystemUserController.queryPage()', 'POST', 'MANAGE', 'admin', '/api/systemUser/queryPage', '192.168.244.1', '{\"endCreateTime\":\"\",\"pageNum\":\"1\",\"pageSize\":\"10\",\"startCreateTime\":\"\"}', '{\"code\":200,\"data\":{\"data\":[{\"avatar\":\"https://wpimg.wallstcn.com/f778738c-e4f8-4870-b634-56703b4acafe.gif?imageView2/1/w/80/h/80\",\"birthday\":1674230400000,\"createTime\":1672927128000,\"description\":\"123123\",\"email\":\"1031155817@qq.com\",\"gender\":\"3\",\"id\":1,\"isDeleted\":0,\"password\":\"$2a$10$4tlSGeAvQCo5Ej0oMsVe.u2yBIMsYrKYCrqXlMRHd76D52So/HuKa\",\"phone\":\"15099909888\",\"realname\":\"管理员\",\"status\":1,\"updateTime\":1678690482000,\"userType\":0,\"username\":\"admin\"},{\"createTime\":1673795646000,\"description\":\"这是一个普通账号\",\"email\":\"12323\",\"gender\":\"3\",\"id\":3,\"isDeleted\":0,\"password\":\"$2a$10$vBqqHx141pXwhiUN8fVr.eojDQl/mD8pPIlP6zI6kDJJ2XiDOU4I.\",\"phone\":\"12323\",\"realname\":\"ffee\",\"status\":1,\"updateTime\":1675222994000,\"userType\":1,\"username\":\"12323\"},{\"birthday\":1600358400000,\"createTime\":1674273542000,\"description\":\"des\",\"email\":\"13030302021@qq.com\",\"gender\":\"0\",\"id\":4,\"isDeleted\":0,\"loginIp\":\"\",\"password\":\"$2a$10$TG0vliQ7F9PemlpCcVlxaucB54XfM2bARK/yJlFAFPNHLpYKUffzq\",\"phone\":\"13432321212\",\"realname\":\"张三\",\"status\":1,\"updateTime\":1674704187000,\"userType\":0,\"username\":\"zhangsan\"},{\"createTime\":1677323238000,\"email\":\"abc@123.com\",\"gender\":\"3\",\"id\":9,\"isDeleted\":0,\"password\":\"$2a$10$VU/qz3FZLHtYajMG5VZtNeHuZRfuuGrjaViyWLFVC4Kdkmd6BDy02\",\"phone\":\"13432343234\",\"status\":1,\"updateTime\":1678690413000,\"userType\":1,\"username\":\"abc\"}],\"pageNum\":1,\"pageSize\":10,\"totalCount\":4,\"totalPage\":1},\"message\":\"操作成功\",\"success\":true}', 1, '', '228ms', '2023-03-14 21:41:54', NULL, 0);
INSERT INTO `t_system_operation_log` VALUES (1635640127881498626, '分页查询用户', 'SELECT', 'org.zzd.controller.SystemUserController.queryPage()', 'POST', 'MANAGE', 'admin', '/api/systemUser/queryPage', '192.168.244.1', '{\"endCreateTime\":\"\",\"pageNum\":\"1\",\"pageSize\":\"10\",\"startCreateTime\":\"\"}', '{\"code\":200,\"data\":{\"data\":[{\"avatar\":\"https://wpimg.wallstcn.com/f778738c-e4f8-4870-b634-56703b4acafe.gif?imageView2/1/w/80/h/80\",\"birthday\":1674230400000,\"createTime\":1672927128000,\"description\":\"123123\",\"email\":\"1031155817@qq.com\",\"gender\":\"3\",\"id\":1,\"isDeleted\":0,\"password\":\"$2a$10$4tlSGeAvQCo5Ej0oMsVe.u2yBIMsYrKYCrqXlMRHd76D52So/HuKa\",\"phone\":\"15099909888\",\"realname\":\"管理员\",\"status\":1,\"updateTime\":1678690482000,\"userType\":0,\"username\":\"admin\"},{\"createTime\":1673795646000,\"description\":\"这是一个普通账号\",\"email\":\"12323\",\"gender\":\"3\",\"id\":3,\"isDeleted\":0,\"password\":\"$2a$10$vBqqHx141pXwhiUN8fVr.eojDQl/mD8pPIlP6zI6kDJJ2XiDOU4I.\",\"phone\":\"12323\",\"realname\":\"ffee\",\"status\":1,\"updateTime\":1675222994000,\"userType\":1,\"username\":\"12323\"},{\"birthday\":1600358400000,\"createTime\":1674273542000,\"description\":\"des\",\"email\":\"13030302021@qq.com\",\"gender\":\"0\",\"id\":4,\"isDeleted\":0,\"loginIp\":\"\",\"password\":\"$2a$10$TG0vliQ7F9PemlpCcVlxaucB54XfM2bARK/yJlFAFPNHLpYKUffzq\",\"phone\":\"13432321212\",\"realname\":\"张三\",\"status\":1,\"updateTime\":1674704187000,\"userType\":0,\"username\":\"zhangsan\"},{\"createTime\":1677323238000,\"email\":\"abc@123.com\",\"gender\":\"3\",\"id\":9,\"isDeleted\":0,\"password\":\"$2a$10$VU/qz3FZLHtYajMG5VZtNeHuZRfuuGrjaViyWLFVC4Kdkmd6BDy02\",\"phone\":\"13432343234\",\"status\":1,\"updateTime\":1678690413000,\"userType\":1,\"username\":\"abc\"}],\"pageNum\":1,\"pageSize\":10,\"totalCount\":4,\"totalPage\":1},\"message\":\"操作成功\",\"success\":true}', 1, '', '51ms', '2023-03-14 21:52:50', NULL, 0);
INSERT INTO `t_system_operation_log` VALUES (1635640174689931265, '获取当前登录用户信息', 'SELECT', 'org.zzd.controller.LoginController.getInfo()', 'GET', 'MANAGE', 'admin', '/api/systemUser/info', '192.168.244.1', '', '{\"code\":200,\"data\":{\"userInfo\":{\"avatar\":\"https://wpimg.wallstcn.com/f778738c-e4f8-4870-b634-56703b4acafe.gif?imageView2/1/w/80/h/80\",\"birthday\":1674230400000,\"createTime\":1672927128000,\"description\":\"123123\",\"email\":\"1031155817@qq.com\",\"gender\":\"3\",\"id\":1,\"isDeleted\":0,\"phone\":\"15099909888\",\"realname\":\"管理员\",\"status\":1,\"updateTime\":1678690482000,\"userType\":0,\"username\":\"admin\"}},\"message\":\"操作成功\",\"success\":true}', 1, '', '6ms', '2023-03-14 21:53:01', NULL, 0);
INSERT INTO `t_system_operation_log` VALUES (1635643704297410562, '分页查询用户', 'SELECT', 'org.zzd.controller.SystemUserController.queryPage()', 'POST', 'MANAGE', 'admin', '/api/systemUser/queryPage', '192.168.244.1', '{\"endCreateTime\":\"\",\"pageNum\":\"1\",\"pageSize\":\"10\",\"startCreateTime\":\"\"}', '{\"code\":200,\"data\":{\"data\":[{\"avatar\":\"https://wpimg.wallstcn.com/f778738c-e4f8-4870-b634-56703b4acafe.gif?imageView2/1/w/80/h/80\",\"birthday\":1674230400000,\"createTime\":1672927128000,\"description\":\"123123\",\"email\":\"1031155817@qq.com\",\"gender\":\"3\",\"id\":1,\"isDeleted\":0,\"password\":\"$2a$10$4tlSGeAvQCo5Ej0oMsVe.u2yBIMsYrKYCrqXlMRHd76D52So/HuKa\",\"phone\":\"15099909888\",\"realname\":\"管理员\",\"status\":1,\"updateTime\":1678690482000,\"userType\":0,\"username\":\"admin\"},{\"createTime\":1673795646000,\"description\":\"这是一个普通账号\",\"email\":\"12323\",\"gender\":\"3\",\"id\":3,\"isDeleted\":0,\"password\":\"$2a$10$vBqqHx141pXwhiUN8fVr.eojDQl/mD8pPIlP6zI6kDJJ2XiDOU4I.\",\"phone\":\"12323\",\"realname\":\"ffee\",\"status\":1,\"updateTime\":1675222994000,\"userType\":1,\"username\":\"12323\"},{\"birthday\":1600358400000,\"createTime\":1674273542000,\"description\":\"des\",\"email\":\"13030302021@qq.com\",\"gender\":\"0\",\"id\":4,\"isDeleted\":0,\"loginIp\":\"\",\"password\":\"$2a$10$TG0vliQ7F9PemlpCcVlxaucB54XfM2bARK/yJlFAFPNHLpYKUffzq\",\"phone\":\"13432321212\",\"realname\":\"张三\",\"status\":1,\"updateTime\":1674704187000,\"userType\":0,\"username\":\"zhangsan\"},{\"createTime\":1677323238000,\"email\":\"abc@123.com\",\"gender\":\"3\",\"id\":9,\"isDeleted\":0,\"password\":\"$2a$10$VU/qz3FZLHtYajMG5VZtNeHuZRfuuGrjaViyWLFVC4Kdkmd6BDy02\",\"phone\":\"13432343234\",\"status\":1,\"updateTime\":1678690413000,\"userType\":1,\"username\":\"abc\"}],\"pageNum\":1,\"pageSize\":10,\"totalCount\":4,\"totalPage\":1},\"message\":\"操作成功\",\"success\":true}', 1, '', '8ms', '2023-03-14 22:07:03', NULL, 0);
INSERT INTO `t_system_operation_log` VALUES (1635646124045918210, '分页查询用户', 'SELECT', 'org.zzd.controller.SystemUserController.queryPage()', 'POST', 'MANAGE', 'admin', '/api/systemUser/queryPage', '192.168.244.1', '{\"endCreateTime\":\"\",\"pageNum\":\"1\",\"pageSize\":\"10\",\"startCreateTime\":\"\"}', '{\"code\":200,\"data\":{\"data\":[{\"avatar\":\"https://wpimg.wallstcn.com/f778738c-e4f8-4870-b634-56703b4acafe.gif?imageView2/1/w/80/h/80\",\"birthday\":1674230400000,\"createTime\":1672927128000,\"description\":\"123123\",\"email\":\"1031155817@qq.com\",\"gender\":\"3\",\"id\":1,\"isDeleted\":0,\"password\":\"$2a$10$4tlSGeAvQCo5Ej0oMsVe.u2yBIMsYrKYCrqXlMRHd76D52So/HuKa\",\"phone\":\"15099909888\",\"realname\":\"管理员\",\"status\":1,\"updateTime\":1678690482000,\"userType\":0,\"username\":\"admin\"},{\"createTime\":1673795646000,\"description\":\"这是一个普通账号\",\"email\":\"12323\",\"gender\":\"3\",\"id\":3,\"isDeleted\":0,\"password\":\"$2a$10$vBqqHx141pXwhiUN8fVr.eojDQl/mD8pPIlP6zI6kDJJ2XiDOU4I.\",\"phone\":\"12323\",\"realname\":\"ffee\",\"status\":1,\"updateTime\":1675222994000,\"userType\":1,\"username\":\"12323\"},{\"birthday\":1600358400000,\"createTime\":1674273542000,\"description\":\"des\",\"email\":\"13030302021@qq.com\",\"gender\":\"0\",\"id\":4,\"isDeleted\":0,\"loginIp\":\"\",\"password\":\"$2a$10$TG0vliQ7F9PemlpCcVlxaucB54XfM2bARK/yJlFAFPNHLpYKUffzq\",\"phone\":\"13432321212\",\"realname\":\"张三\",\"status\":1,\"updateTime\":1674704187000,\"userType\":0,\"username\":\"zhangsan\"},{\"createTime\":1677323238000,\"email\":\"abc@123.com\",\"gender\":\"3\",\"id\":9,\"isDeleted\":0,\"password\":\"$2a$10$VU/qz3FZLHtYajMG5VZtNeHuZRfuuGrjaViyWLFVC4Kdkmd6BDy02\",\"phone\":\"13432343234\",\"status\":1,\"updateTime\":1678690413000,\"userType\":1,\"username\":\"abc\"}],\"pageNum\":1,\"pageSize\":10,\"totalCount\":4,\"totalPage\":1},\"message\":\"操作成功\",\"success\":true}', 1, '', '39ms', '2023-03-14 22:16:39', NULL, 0);
INSERT INTO `t_system_operation_log` VALUES (1635647848114671618, '分页查询用户', 'SELECT', 'org.zzd.controller.SystemUserController.queryPage()', 'POST', 'MANAGE', 'admin', '/api/systemUser/queryPage', '192.168.244.1', '{\"endCreateTime\":\"\",\"pageNum\":\"1\",\"pageSize\":\"10\",\"startCreateTime\":\"\"}', '{\"code\":200,\"data\":{\"data\":[{\"avatar\":\"https://wpimg.wallstcn.com/f778738c-e4f8-4870-b634-56703b4acafe.gif?imageView2/1/w/80/h/80\",\"birthday\":1674230400000,\"createTime\":1672927128000,\"description\":\"123123\",\"email\":\"1031155817@qq.com\",\"gender\":\"3\",\"id\":1,\"isDeleted\":0,\"password\":\"$2a$10$4tlSGeAvQCo5Ej0oMsVe.u2yBIMsYrKYCrqXlMRHd76D52So/HuKa\",\"phone\":\"15099909888\",\"realname\":\"管理员\",\"status\":1,\"updateTime\":1678690482000,\"userType\":0,\"username\":\"admin\"},{\"createTime\":1673795646000,\"description\":\"这是一个普通账号\",\"email\":\"12323\",\"gender\":\"3\",\"id\":3,\"isDeleted\":0,\"password\":\"$2a$10$vBqqHx141pXwhiUN8fVr.eojDQl/mD8pPIlP6zI6kDJJ2XiDOU4I.\",\"phone\":\"12323\",\"realname\":\"ffee\",\"status\":1,\"updateTime\":1675222994000,\"userType\":1,\"username\":\"12323\"},{\"birthday\":1600358400000,\"createTime\":1674273542000,\"description\":\"des\",\"email\":\"13030302021@qq.com\",\"gender\":\"0\",\"id\":4,\"isDeleted\":0,\"loginIp\":\"\",\"password\":\"$2a$10$TG0vliQ7F9PemlpCcVlxaucB54XfM2bARK/yJlFAFPNHLpYKUffzq\",\"phone\":\"13432321212\",\"realname\":\"张三\",\"status\":1,\"updateTime\":1674704187000,\"userType\":0,\"username\":\"zhangsan\"},{\"createTime\":1677323238000,\"email\":\"abc@123.com\",\"gender\":\"3\",\"id\":9,\"isDeleted\":0,\"password\":\"$2a$10$VU/qz3FZLHtYajMG5VZtNeHuZRfuuGrjaViyWLFVC4Kdkmd6BDy02\",\"phone\":\"13432343234\",\"status\":1,\"updateTime\":1678690413000,\"userType\":1,\"username\":\"abc\"}],\"pageNum\":1,\"pageSize\":10,\"totalCount\":4,\"totalPage\":1},\"message\":\"操作成功\",\"success\":true}', 1, '', '38ms', '2023-03-14 22:23:31', NULL, 0);
INSERT INTO `t_system_operation_log` VALUES (1635648234909077505, '分页查询用户', 'SELECT', 'org.zzd.controller.SystemUserController.queryPage()', 'POST', 'MANAGE', 'admin', '/api/systemUser/queryPage', '192.168.244.1', '{\"endCreateTime\":\"\",\"pageNum\":\"1\",\"pageSize\":\"10\",\"startCreateTime\":\"\"}', '{\"code\":200,\"data\":{\"data\":[{\"avatar\":\"https://wpimg.wallstcn.com/f778738c-e4f8-4870-b634-56703b4acafe.gif?imageView2/1/w/80/h/80\",\"birthday\":1674230400000,\"createTime\":1672927128000,\"description\":\"123123\",\"email\":\"1031155817@qq.com\",\"gender\":\"3\",\"id\":1,\"isDeleted\":0,\"password\":\"$2a$10$4tlSGeAvQCo5Ej0oMsVe.u2yBIMsYrKYCrqXlMRHd76D52So/HuKa\",\"phone\":\"15099909888\",\"realname\":\"管理员\",\"status\":1,\"updateTime\":1678690482000,\"userType\":0,\"username\":\"admin\"},{\"createTime\":1673795646000,\"description\":\"这是一个普通账号\",\"email\":\"12323\",\"gender\":\"3\",\"id\":3,\"isDeleted\":0,\"password\":\"$2a$10$vBqqHx141pXwhiUN8fVr.eojDQl/mD8pPIlP6zI6kDJJ2XiDOU4I.\",\"phone\":\"12323\",\"realname\":\"ffee\",\"status\":1,\"updateTime\":1675222994000,\"userType\":1,\"username\":\"12323\"},{\"birthday\":1600358400000,\"createTime\":1674273542000,\"description\":\"des\",\"email\":\"13030302021@qq.com\",\"gender\":\"0\",\"id\":4,\"isDeleted\":0,\"loginIp\":\"\",\"password\":\"$2a$10$TG0vliQ7F9PemlpCcVlxaucB54XfM2bARK/yJlFAFPNHLpYKUffzq\",\"phone\":\"13432321212\",\"realname\":\"张三\",\"status\":1,\"updateTime\":1674704187000,\"userType\":0,\"username\":\"zhangsan\"},{\"createTime\":1677323238000,\"email\":\"abc@123.com\",\"gender\":\"3\",\"id\":9,\"isDeleted\":0,\"password\":\"$2a$10$VU/qz3FZLHtYajMG5VZtNeHuZRfuuGrjaViyWLFVC4Kdkmd6BDy02\",\"phone\":\"13432343234\",\"status\":1,\"updateTime\":1678690413000,\"userType\":1,\"username\":\"abc\"}],\"pageNum\":1,\"pageSize\":10,\"totalCount\":4,\"totalPage\":1},\"message\":\"操作成功\",\"success\":true}', 1, '', '38ms', '2023-03-14 22:25:03', NULL, 0);
INSERT INTO `t_system_operation_log` VALUES (1635664946551377922, '获取当前登录用户信息', 'SELECT', 'org.zzd.controller.LoginController.getInfo()', 'GET', 'MANAGE', 'abc', '/api/systemUser/info', '192.168.244.1', '', '{\"code\":200,\"data\":{\"userInfo\":{\"createTime\":1677323238000,\"email\":\"abc@123.com\",\"gender\":\"3\",\"id\":9,\"isDeleted\":0,\"phone\":\"13432343234\",\"status\":1,\"updateTime\":1678690413000,\"userType\":1,\"username\":\"abc\"}},\"message\":\"操作成功\",\"success\":true}', 1, '', '9ms', '2023-03-14 23:31:27', NULL, 0);
INSERT INTO `t_system_operation_log` VALUES (1635665069138300929, '用户详情', 'READ', 'org.zzd.controller.SystemUserController.selectOne()', 'GET', 'MANAGE', 'abc', '/api/systemUser/read', '192.168.244.1', '', '', 0, '参数无效', '16ms', '2023-03-14 23:31:56', NULL, 0);
INSERT INTO `t_system_operation_log` VALUES (1635796771173167106, '用户详情', 'READ', 'org.zzd.controller.SystemUserController.selectOne()', 'GET', 'MANAGE', 'abc', '/api/systemUser/read', '192.168.244.1', '', '{\"code\":200,\"data\":{\"avatar\":\"https://wpimg.wallstcn.com/f778738c-e4f8-4870-b634-56703b4acafe.gif?imageView2/1/w/80/h/80\",\"birthday\":1674230400000,\"createTime\":1672927128000,\"description\":\"123123\",\"email\":\"1031155817@qq.com\",\"gender\":\"3\",\"id\":1,\"isDeleted\":0,\"password\":\"$2a$10$4tlSGeAvQCo5Ej0oMsVe.u2yBIMsYrKYCrqXlMRHd76D52So/HuKa\",\"phone\":\"15099909888\",\"realname\":\"管理员\",\"status\":1,\"updateTime\":1678690482000,\"userType\":0,\"username\":\"admin\"},\"message\":\"操作成功\",\"success\":true}', 1, '', '8ms', '2023-03-15 08:15:17', NULL, 0);
INSERT INTO `t_system_operation_log` VALUES (1635805486261510145, '用户详情', 'READ', 'org.zzd.controller.SystemUserController.selectOne()', 'GET', 'MANAGE', 'abc', '/api/systemUser/read', '192.168.244.1', '', '', 0, '参数无效', '8ms', '2023-03-15 08:49:54', NULL, 0);
INSERT INTO `t_system_operation_log` VALUES (1635805499251269634, '用户详情', 'READ', 'org.zzd.controller.SystemUserController.selectOne()', 'GET', 'MANAGE', 'abc', '/api/systemUser/read', '192.168.244.1', '', '{\"code\":200,\"data\":{\"avatar\":\"https://wpimg.wallstcn.com/f778738c-e4f8-4870-b634-56703b4acafe.gif?imageView2/1/w/80/h/80\",\"birthday\":1674230400000,\"createTime\":1672927128000,\"description\":\"123123\",\"email\":\"1031155817@qq.com\",\"gender\":\"3\",\"id\":1,\"isDeleted\":0,\"password\":\"$2a$10$4tlSGeAvQCo5Ej0oMsVe.u2yBIMsYrKYCrqXlMRHd76D52So/HuKa\",\"phone\":\"15099909888\",\"realname\":\"管理员\",\"status\":1,\"updateTime\":1678690482000,\"userType\":0,\"username\":\"admin\"},\"message\":\"操作成功\",\"success\":true}', 1, '', '2ms', '2023-03-15 08:49:57', NULL, 0);
INSERT INTO `t_system_operation_log` VALUES (1635805624958754817, '分页查询用户', 'SELECT', 'org.zzd.controller.SystemUserController.queryPage()', 'POST', 'MANAGE', 'admin', '/api/systemUser/queryPage', '192.168.244.1', '{\"endCreateTime\":\"\",\"pageNum\":\"1\",\"pageSize\":\"10\",\"startCreateTime\":\"\"}', '{\"code\":200,\"data\":{\"data\":[{\"avatar\":\"https://wpimg.wallstcn.com/f778738c-e4f8-4870-b634-56703b4acafe.gif?imageView2/1/w/80/h/80\",\"birthday\":1674230400000,\"createTime\":1672927128000,\"description\":\"123123\",\"email\":\"1031155817@qq.com\",\"gender\":\"3\",\"id\":1,\"isDeleted\":0,\"password\":\"$2a$10$4tlSGeAvQCo5Ej0oMsVe.u2yBIMsYrKYCrqXlMRHd76D52So/HuKa\",\"phone\":\"15099909888\",\"realname\":\"管理员\",\"status\":1,\"updateTime\":1678690482000,\"userType\":0,\"username\":\"admin\"},{\"createTime\":1673795646000,\"description\":\"这是一个普通账号\",\"email\":\"12323\",\"gender\":\"3\",\"id\":3,\"isDeleted\":0,\"password\":\"$2a$10$vBqqHx141pXwhiUN8fVr.eojDQl/mD8pPIlP6zI6kDJJ2XiDOU4I.\",\"phone\":\"12323\",\"realname\":\"ffee\",\"status\":1,\"updateTime\":1675222994000,\"userType\":1,\"username\":\"12323\"},{\"birthday\":1600358400000,\"createTime\":1674273542000,\"description\":\"des\",\"email\":\"13030302021@qq.com\",\"gender\":\"0\",\"id\":4,\"isDeleted\":0,\"loginIp\":\"\",\"password\":\"$2a$10$TG0vliQ7F9PemlpCcVlxaucB54XfM2bARK/yJlFAFPNHLpYKUffzq\",\"phone\":\"13432321212\",\"realname\":\"张三\",\"status\":1,\"updateTime\":1674704187000,\"userType\":0,\"username\":\"zhangsan\"},{\"createTime\":1677323238000,\"email\":\"abc@123.com\",\"gender\":\"3\",\"id\":9,\"isDeleted\":0,\"password\":\"$2a$10$VU/qz3FZLHtYajMG5VZtNeHuZRfuuGrjaViyWLFVC4Kdkmd6BDy02\",\"phone\":\"13432343234\",\"status\":1,\"updateTime\":1678690413000,\"userType\":1,\"username\":\"abc\"}],\"pageNum\":1,\"pageSize\":10,\"totalCount\":4,\"totalPage\":1},\"message\":\"操作成功\",\"success\":true}', 1, '', '44ms', '2023-03-15 08:50:27', NULL, 0);
INSERT INTO `t_system_operation_log` VALUES (1635832224492326913, '获取当前登录用户信息', 'SELECT', 'org.zzd.controller.LoginController.getInfo()', 'GET', 'MANAGE', 'abc', '/api/systemUser/info', '192.168.244.1', '', '{\"code\":200,\"data\":{\"userInfo\":{\"id\":9}},\"message\":\"操作成功\",\"success\":true}', 1, '', '4ms', '2023-03-15 10:36:09', NULL, 0);
INSERT INTO `t_system_operation_log` VALUES (1635832739838038017, '获取当前登录用户信息', 'SELECT', 'org.zzd.controller.LoginController.getInfo()', 'GET', 'MANAGE', 'abc', '/api/systemUser/info', '192.168.244.1', '', '{\"code\":200,\"data\":{\"userInfo\":{\"id\":9}},\"message\":\"操作成功\",\"success\":true}', 1, '', '16ms', '2023-03-15 10:38:12', NULL, 0);
INSERT INTO `t_system_operation_log` VALUES (1635833185302482945, '获取当前登录用户信息', 'SELECT', 'org.zzd.controller.LoginController.getInfo()', 'GET', 'MANAGE', 'abc', '/api/systemUser/info', '192.168.244.1', '', '{\"code\":200,\"data\":{\"userInfo\":{\"id\":9}},\"message\":\"操作成功\",\"success\":true}', 1, '', '2ms', '2023-03-15 10:39:58', NULL, 0);
INSERT INTO `t_system_operation_log` VALUES (1635834116685451266, '获取当前登录用户信息', 'SELECT', 'org.zzd.controller.LoginController.getInfo()', 'GET', 'MANAGE', 'abc', '/api/systemUser/info', '192.168.244.1', '', '{\"code\":200,\"data\":{\"userInfo\":{\"id\":9}},\"message\":\"操作成功\",\"success\":true}', 1, '', '189124ms', '2023-03-15 10:43:40', NULL, 0);
INSERT INTO `t_system_operation_log` VALUES (1635834153322696705, '获取当前登录用户信息', 'SELECT', 'org.zzd.controller.LoginController.getInfo()', 'GET', 'MANAGE', 'abc', '/api/systemUser/info', '192.168.244.1', '', '{\"code\":200,\"data\":{\"userInfo\":{\"avatar\":\"2023/02/0c77a995-2836-4ee1-82c7-a6b04f7c229689X7bs5HfdtA7ae1726c2accaa3049a53916175ebb9d.jpg\",\"description\":\"说啥\",\"id\":9,\"nickname\":\"是我\"}},\"message\":\"操作成功\",\"success\":true}', 1, '', '2719ms', '2023-03-15 10:43:49', NULL, 0);
INSERT INTO `t_system_operation_log` VALUES (1635835275068321794, '获取当前登录用户信息', 'SELECT', 'org.zzd.controller.LoginController.getInfo()', 'GET', 'MANAGE', 'abc', '/api/systemUser/info', '192.168.244.1', '', '{\"code\":200,\"data\":{\"userInfo\":{\"avatar\":\"2023/02/0c77a995-2836-4ee1-82c7-a6b04f7c229689X7bs5HfdtA7ae1726c2accaa3049a53916175ebb9d.jpg\",\"description\":\"说啥\",\"id\":9,\"nickname\":\"是我\",\"roles\":[\"\",\"bnt\"]}},\"message\":\"操作成功\",\"success\":true}', 1, '', '12ms', '2023-03-15 10:48:17', NULL, 0);
INSERT INTO `t_system_operation_log` VALUES (1635835616803434497, '获取当前登录用户信息', 'SELECT', 'org.zzd.controller.LoginController.getInfo()', 'GET', 'MANAGE', 'abc', '/api/systemUser/info', '192.168.244.1', '', '{\"code\":200,\"data\":{\"userInfo\":{\"avatar\":\"2023/02/0c77a995-2836-4ee1-82c7-a6b04f7c229689X7bs5HfdtA7ae1726c2accaa3049a53916175ebb9d.jpg\",\"description\":\"说啥\",\"id\":9,\"nickname\":\"是我\",\"roles\":[\"bnt\"]}},\"message\":\"操作成功\",\"success\":true}', 1, '', '3ms', '2023-03-15 10:49:38', NULL, 0);
INSERT INTO `t_system_operation_log` VALUES (1635836688209031169, '获取当前登录用户信息', 'SELECT', 'org.zzd.controller.LoginController.getInfo()', 'GET', 'MANAGE', 'abc', '/api/systemUser/info', '192.168.244.1', '', '{\"code\":200,\"data\":{\"userInfo\":{\"avatar\":\"2023/02/0c77a995-2836-4ee1-82c7-a6b04f7c229689X7bs5HfdtA7ae1726c2accaa3049a53916175ebb9d.jpg\",\"description\":\"说啥\",\"id\":9,\"nickname\":\"是我\",\"roles\":[\"bnt\"]}},\"message\":\"操作成功\",\"success\":true}', 1, '', '3ms', '2023-03-15 10:53:54', NULL, 0);
INSERT INTO `t_system_operation_log` VALUES (1635837349818544130, '分页查询用户', 'SELECT', 'org.zzd.controller.SystemUserController.queryPage()', 'POST', 'MANAGE', 'admin', '/api/systemUser/queryPage', '192.168.244.1', '{}', '', 0, 'null', '17ms', '2023-03-15 10:56:31', NULL, 0);
INSERT INTO `t_system_operation_log` VALUES (1635837582082330625, '分页查询用户', 'SELECT', 'org.zzd.controller.SystemUserController.queryPage()', 'POST', 'MANAGE', 'admin', '/api/systemUser/queryPage', '192.168.244.1', '{\"endCreateTime\":\"\",\"pageNum\":\"1\",\"pageSize\":\"10\",\"startCreateTime\":\"\"}', '{\"code\":200,\"data\":{\"data\":[{\"avatar\":\"https://wpimg.wallstcn.com/f778738c-e4f8-4870-b634-56703b4acafe.gif?imageView2/1/w/80/h/80\",\"birthday\":1674230400000,\"createTime\":1672927128000,\"description\":\"123123\",\"email\":\"1031155817@qq.com\",\"gender\":\"3\",\"id\":1,\"isDeleted\":0,\"password\":\"$2a$10$4tlSGeAvQCo5Ej0oMsVe.u2yBIMsYrKYCrqXlMRHd76D52So/HuKa\",\"phone\":\"15099909888\",\"realname\":\"管理员\",\"status\":1,\"updateTime\":1678690482000,\"userType\":0,\"username\":\"admin\"},{\"createTime\":1673795646000,\"description\":\"这是一个普通账号\",\"email\":\"12323\",\"gender\":\"3\",\"id\":3,\"isDeleted\":0,\"password\":\"$2a$10$vBqqHx141pXwhiUN8fVr.eojDQl/mD8pPIlP6zI6kDJJ2XiDOU4I.\",\"phone\":\"12323\",\"realname\":\"ffee\",\"status\":1,\"updateTime\":1675222994000,\"userType\":1,\"username\":\"12323\"},{\"birthday\":1600358400000,\"createTime\":1674273542000,\"description\":\"des\",\"email\":\"13030302021@qq.com\",\"gender\":\"0\",\"id\":4,\"isDeleted\":0,\"loginIp\":\"\",\"password\":\"$2a$10$TG0vliQ7F9PemlpCcVlxaucB54XfM2bARK/yJlFAFPNHLpYKUffzq\",\"phone\":\"13432321212\",\"realname\":\"张三\",\"status\":1,\"updateTime\":1674704187000,\"userType\":0,\"username\":\"zhangsan\"},{\"avatar\":\"2023/02/0c77a995-2836-4ee1-82c7-a6b04f7c229689X7bs5HfdtA7ae1726c2accaa3049a53916175ebb9d.jpg\",\"createTime\":1677323238000,\"description\":\"说啥\",\"email\":\"abc@123.com\",\"gender\":\"3\",\"id\":9,\"isDeleted\":0,\"nickname\":\"是我\",\"password\":\"$2a$10$VU/qz3FZLHtYajMG5VZtNeHuZRfuuGrjaViyWLFVC4Kdkmd6BDy02\",\"phone\":\"13432343234\",\"status\":1,\"updateTime\":1678848216000,\"userType\":1,\"username\":\"abc\"}],\"pageNum\":1,\"pageSize\":10,\"totalCount\":4,\"totalPage\":1},\"message\":\"操作成功\",\"success\":true}', 1, '', '49ms', '2023-03-15 10:57:27', NULL, 0);
INSERT INTO `t_system_operation_log` VALUES (1635837613346672641, '获取当前登录用户信息', 'SELECT', 'org.zzd.controller.LoginController.getInfo()', 'GET', 'MANAGE', 'admin', '/api/systemUser/info', '192.168.244.1', '', '{\"code\":200,\"data\":{\"userInfo\":{\"avatar\":\"https://wpimg.wallstcn.com/f778738c-e4f8-4870-b634-56703b4acafe.gif?imageView2/1/w/80/h/80\",\"description\":\"123123\",\"id\":1,\"perms\":[\"bnt.sysUser.list\",\"bnt.sysUser.add\",\"bnt.sysUser.update\",\"bnt.sysUser.remove\",\"bnt.sysRole.list\",\"bnt.sysRole.add\",\"bnt.sysRole.update\",\"bnt.sysRole.remove\",\"bnt.sysMenu.list\",\"bnt.sysMenu.add\",\"bnt.sysMenu.update\",\"bnt.sysMenu.remove\",\"bnt.sysUser.assignRole\",\"bnt.sysRole.assignAuth\",\"bnt\"]}},\"message\":\"操作成功\",\"success\":true}', 1, '', '2ms', '2023-03-15 10:57:34', NULL, 0);
INSERT INTO `t_system_operation_log` VALUES (1635878305389383681, '分页查询用户', 'SELECT', 'org.zzd.controller.SystemUserController.queryPage()', 'POST', 'MANAGE', 'admin', '/api/systemUser/queryPage', '192.168.244.1', '{}', '', 0, 'null', '26ms', '2023-03-15 13:39:16', NULL, 0);

-- ----------------------------
-- Table structure for t_system_role
-- ----------------------------
DROP TABLE IF EXISTS `t_system_role`;
CREATE TABLE `t_system_role`  (
  `id` bigint NOT NULL AUTO_INCREMENT COMMENT '角色id',
  `role_name` varchar(20) CHARACTER SET utf8 COLLATE utf8_general_ci NOT NULL DEFAULT '' COMMENT '角色名称',
  `role_code` varchar(20) CHARACTER SET utf8 COLLATE utf8_general_ci NULL DEFAULT NULL COMMENT '角色编码',
  `description` varchar(255) CHARACTER SET utf8 COLLATE utf8_general_ci NULL DEFAULT NULL COMMENT '描述',
  `create_time` timestamp NOT NULL DEFAULT CURRENT_TIMESTAMP COMMENT '创建时间',
  `update_time` timestamp NOT NULL DEFAULT CURRENT_TIMESTAMP ON UPDATE CURRENT_TIMESTAMP COMMENT '更新时间',
  `is_deleted` tinyint NOT NULL DEFAULT 0 COMMENT '删除标记（0:可用 1:已删除）',
  PRIMARY KEY (`id`) USING BTREE
) ENGINE = InnoDB AUTO_INCREMENT = 12 CHARACTER SET = utf8 COLLATE = utf8_general_ci COMMENT = '角色' ROW_FORMAT = Dynamic;

-- ----------------------------
-- Records of t_system_role
-- ----------------------------
INSERT INTO `t_system_role` VALUES (1, '管理员', 'administrator', '管理员最高权限，有一切的操作功能.', '2023-01-15 10:01:47', '2023-02-15 11:25:04', 0);
INSERT INTO `t_system_role` VALUES (2, '商家', 'merchant', '商家可以上架商品，有订单可进行发货', '2022-11-24 10:02:06', '2023-01-16 11:09:35', 0);
INSERT INTO `t_system_role` VALUES (3, '组织者', 'organizer', '组织者可以组织汉服圈子的活动', '2022-11-24 15:36:20', '2023-01-16 11:09:48', 0);

-- ----------------------------
-- Table structure for t_system_role_menu
-- ----------------------------
DROP TABLE IF EXISTS `t_system_role_menu`;
CREATE TABLE `t_system_role_menu`  (
  `id` bigint NOT NULL AUTO_INCREMENT,
  `role_id` bigint NOT NULL DEFAULT 0,
  `menu_id` bigint NOT NULL DEFAULT 0,
  `create_time` timestamp NOT NULL DEFAULT CURRENT_TIMESTAMP COMMENT '创建时间',
  `update_time` timestamp NOT NULL DEFAULT CURRENT_TIMESTAMP ON UPDATE CURRENT_TIMESTAMP COMMENT '更新时间',
  `is_deleted` tinyint NOT NULL DEFAULT 0 COMMENT '删除标记（0:可用 1:已删除）',
  PRIMARY KEY (`id`) USING BTREE,
  INDEX `idx_role_id`(`role_id`) USING BTREE,
  INDEX `idx_menu_id`(`menu_id`) USING BTREE
) ENGINE = InnoDB AUTO_INCREMENT = 39 CHARACTER SET = utf8 COLLATE = utf8_general_ci COMMENT = '角色菜单' ROW_FORMAT = Dynamic;

-- ----------------------------
-- Records of t_system_role_menu
-- ----------------------------
INSERT INTO `t_system_role_menu` VALUES (1, 2, 2, '2022-06-02 16:11:27', '2022-06-02 16:16:10', 1);
INSERT INTO `t_system_role_menu` VALUES (2, 2, 3, '2022-06-02 16:11:27', '2022-06-02 16:16:10', 1);
INSERT INTO `t_system_role_menu` VALUES (3, 2, 6, '2022-06-02 16:11:27', '2022-06-02 16:16:10', 1);
INSERT INTO `t_system_role_menu` VALUES (4, 2, 7, '2022-06-02 16:11:27', '2022-06-02 16:16:10', 1);
INSERT INTO `t_system_role_menu` VALUES (5, 2, 8, '2022-06-02 16:11:27', '2022-06-02 16:16:10', 1);
INSERT INTO `t_system_role_menu` VALUES (6, 2, 9, '2022-06-02 16:11:27', '2022-06-02 16:16:10', 1);
INSERT INTO `t_system_role_menu` VALUES (7, 2, 18, '2022-06-02 16:11:27', '2022-06-02 16:16:10', 1);
INSERT INTO `t_system_role_menu` VALUES (8, 2, 4, '2022-06-02 16:11:27', '2022-06-02 16:16:10', 1);
INSERT INTO `t_system_role_menu` VALUES (9, 2, 10, '2022-06-02 16:11:27', '2022-06-02 16:16:10', 1);
INSERT INTO `t_system_role_menu` VALUES (10, 2, 11, '2022-06-02 16:11:27', '2022-06-02 16:16:10', 1);
INSERT INTO `t_system_role_menu` VALUES (11, 2, 12, '2022-06-02 16:11:27', '2022-06-02 16:16:10', 1);
INSERT INTO `t_system_role_menu` VALUES (12, 2, 13, '2022-06-02 16:11:27', '2022-06-02 16:16:10', 1);
INSERT INTO `t_system_role_menu` VALUES (13, 2, 19, '2022-06-02 16:11:27', '2022-06-02 16:16:10', 1);
INSERT INTO `t_system_role_menu` VALUES (14, 2, 5, '2022-06-02 16:11:27', '2022-06-02 16:16:10', 1);
INSERT INTO `t_system_role_menu` VALUES (15, 2, 14, '2022-06-02 16:11:27', '2022-06-02 16:16:10', 1);
INSERT INTO `t_system_role_menu` VALUES (16, 2, 15, '2022-06-02 16:11:27', '2022-06-02 16:16:10', 1);
INSERT INTO `t_system_role_menu` VALUES (17, 2, 16, '2022-06-02 16:11:27', '2022-06-02 16:16:10', 1);
INSERT INTO `t_system_role_menu` VALUES (18, 2, 17, '2022-06-02 16:11:27', '2022-06-02 16:16:10', 1);
INSERT INTO `t_system_role_menu` VALUES (19, 2, 2, '2022-06-02 16:16:10', '2022-06-09 09:26:34', 1);
INSERT INTO `t_system_role_menu` VALUES (20, 2, 3, '2022-06-02 16:16:10', '2022-06-09 09:26:34', 1);
INSERT INTO `t_system_role_menu` VALUES (21, 2, 6, '2022-06-02 16:16:10', '2022-06-09 09:26:34', 1);
INSERT INTO `t_system_role_menu` VALUES (22, 2, 7, '2022-06-02 16:16:10', '2022-06-09 09:26:34', 1);
INSERT INTO `t_system_role_menu` VALUES (23, 2, 8, '2022-06-02 16:16:10', '2022-06-09 09:26:34', 1);
INSERT INTO `t_system_role_menu` VALUES (24, 2, 2, '2022-06-09 09:26:34', '2022-06-09 09:26:34', 0);
INSERT INTO `t_system_role_menu` VALUES (25, 2, 3, '2022-06-09 09:26:34', '2022-06-09 09:26:34', 0);
INSERT INTO `t_system_role_menu` VALUES (26, 2, 6, '2022-06-09 09:26:34', '2022-06-09 09:26:34', 0);
INSERT INTO `t_system_role_menu` VALUES (27, 2, 7, '2022-06-09 09:26:34', '2022-06-09 09:26:34', 0);
INSERT INTO `t_system_role_menu` VALUES (28, 2, 8, '2022-06-09 09:26:34', '2022-06-09 09:26:34', 0);
INSERT INTO `t_system_role_menu` VALUES (29, 2, 5, '2022-06-09 09:26:34', '2022-06-09 09:26:34', 0);
INSERT INTO `t_system_role_menu` VALUES (30, 2, 14, '2022-06-09 09:26:34', '2022-06-09 09:26:34', 0);
INSERT INTO `t_system_role_menu` VALUES (31, 2, 20, '2022-06-09 09:26:34', '2022-06-09 09:26:34', 0);
INSERT INTO `t_system_role_menu` VALUES (32, 2, 21, '2022-06-09 09:26:34', '2022-06-09 09:26:34', 0);
INSERT INTO `t_system_role_menu` VALUES (33, 3, 35, '2023-03-13 14:12:18', '2023-03-13 14:12:18', 0);
INSERT INTO `t_system_role_menu` VALUES (34, 3, 36, '2023-03-13 14:12:45', '2023-03-13 14:12:45', 0);

-- ----------------------------
-- Table structure for t_system_user
-- ----------------------------
DROP TABLE IF EXISTS `t_system_user`;
CREATE TABLE `t_system_user`  (
  `id` bigint NOT NULL AUTO_INCREMENT COMMENT '用户id',
  `username` varchar(50) CHARACTER SET utf8 COLLATE utf8_general_ci NOT NULL DEFAULT '' COMMENT '用户名',
  `password` varchar(100) CHARACTER SET utf8 COLLATE utf8_general_ci NOT NULL DEFAULT '' COMMENT '密码',
  `realname` varchar(255) CHARACTER SET utf8 COLLATE utf8_general_ci NULL DEFAULT NULL COMMENT '真实姓名',
  `nickname` varchar(255) CHARACTER SET utf8 COLLATE utf8_general_ci NULL DEFAULT NULL COMMENT '昵称',
  `email` varchar(255) CHARACTER SET utf8 COLLATE utf8_general_ci NULL DEFAULT NULL COMMENT '邮箱',
  `phone` varchar(11) CHARACTER SET utf8 COLLATE utf8_general_ci NULL DEFAULT NULL COMMENT '手机',
  `avatar` varchar(200) CHARACTER SET utf8 COLLATE utf8_general_ci NULL DEFAULT NULL COMMENT '头像地址',
  `description` varchar(255) CHARACTER SET utf8 COLLATE utf8_general_ci NULL DEFAULT NULL COMMENT '描述',
  `status` tinyint NULL DEFAULT 1 COMMENT '状态1启用0禁用',
  `gender` char(1) CHARACTER SET utf8 COLLATE utf8_general_ci NULL DEFAULT '3' COMMENT '性别;1=男,2=女,3=未知',
  `birthday` date NULL DEFAULT NULL COMMENT '生日',
  `login_ip` varchar(64) CHARACTER SET utf8mb4 COLLATE utf8mb4_general_ci NULL DEFAULT NULL COMMENT '登录ip',
  `create_time` timestamp NULL DEFAULT CURRENT_TIMESTAMP COMMENT '创建时间',
  `update_time` timestamp NULL DEFAULT CURRENT_TIMESTAMP ON UPDATE CURRENT_TIMESTAMP COMMENT '更新时间',
  `is_deleted` tinyint NULL DEFAULT 0 COMMENT '删除标记（0:可用 1:已删除）',
  `user_type` int NULL DEFAULT NULL COMMENT '用户类型后台前台',
  `create_by` varchar(255) CHARACTER SET utf8 COLLATE utf8_general_ci NULL DEFAULT NULL COMMENT '创建人',
  PRIMARY KEY (`id`) USING BTREE
) ENGINE = InnoDB CHARACTER SET = utf8 COLLATE = utf8_general_ci COMMENT = '用户表' ROW_FORMAT = Dynamic;

-- ----------------------------
-- Records of t_system_user
-- ----------------------------
INSERT INTO `t_system_user` VALUES (1, 'admin', '$2a$10$4tlSGeAvQCo5Ej0oMsVe.u2yBIMsYrKYCrqXlMRHd76D52So/HuKa', '管理员', NULL, '1031155817@qq.com', '15099909888', 'https://wpimg.wallstcn.com/f778738c-e4f8-4870-b634-56703b4acafe.gif?imageView2/1/w/80/h/80', '123123', 1, '3', '2023-01-21', NULL, '2023-01-05 21:58:48', '2023-03-13 14:54:42', 0, 0, NULL);
INSERT INTO `t_system_user` VALUES (3, '12323', '$2a$10$vBqqHx141pXwhiUN8fVr.eojDQl/mD8pPIlP6zI6kDJJ2XiDOU4I.', 'ffee', NULL, '12323', '12323', NULL, '这是一个普通账号', 1, '3', NULL, NULL, '2023-01-15 23:14:06', '2023-02-01 11:43:14', 0, 1, NULL);
INSERT INTO `t_system_user` VALUES (4, 'zhangsan', '$2a$10$TG0vliQ7F9PemlpCcVlxaucB54XfM2bARK/yJlFAFPNHLpYKUffzq', '张三', NULL, '13030302021@qq.com', '13432321212', NULL, 'des', 1, '0', '2020-09-18', '', '2023-01-21 11:59:02', '2023-01-26 11:36:27', 0, 0, NULL);
INSERT INTO `t_system_user` VALUES (9, 'abc', '$2a$10$VU/qz3FZLHtYajMG5VZtNeHuZRfuuGrjaViyWLFVC4Kdkmd6BDy02', NULL, '是我', 'abc@123.com', '13432343234', '2023/02/0c77a995-2836-4ee1-82c7-a6b04f7c229689X7bs5HfdtA7ae1726c2accaa3049a53916175ebb9d.jpg', '说啥', 1, '3', NULL, NULL, '2023-02-25 19:07:18', '2023-03-15 10:43:36', 0, 1, NULL);

-- ----------------------------
-- Table structure for t_system_user_role
-- ----------------------------
DROP TABLE IF EXISTS `t_system_user_role`;
CREATE TABLE `t_system_user_role`  (
  `id` bigint NOT NULL AUTO_INCREMENT COMMENT '主键id',
  `role_id` bigint NOT NULL DEFAULT 0 COMMENT '角色id',
  `user_id` bigint NOT NULL DEFAULT 0 COMMENT '用户id',
  `create_time` timestamp NOT NULL DEFAULT CURRENT_TIMESTAMP COMMENT '创建时间',
  `update_time` timestamp NOT NULL DEFAULT CURRENT_TIMESTAMP ON UPDATE CURRENT_TIMESTAMP COMMENT '更新时间',
  `is_deleted` tinyint NOT NULL DEFAULT 0 COMMENT '删除标记（0:可用 1:已删除）',
  PRIMARY KEY (`id`) USING BTREE,
  INDEX `idx_role_id`(`role_id`) USING BTREE,
  INDEX `idx_admin_id`(`user_id`) USING BTREE
) ENGINE = InnoDB AUTO_INCREMENT = 5 CHARACTER SET = utf8 COLLATE = utf8_general_ci COMMENT = '用户角色' ROW_FORMAT = Dynamic;

-- ----------------------------
-- Records of t_system_user_role
-- ----------------------------
INSERT INTO `t_system_user_role` VALUES (1, 1, 1, '2022-11-22 17:03:27', '2022-11-22 17:03:27', 0);
INSERT INTO `t_system_user_role` VALUES (2, 2, 1, '2022-11-22 17:12:40', '2022-11-22 17:12:40', 0);
INSERT INTO `t_system_user_role` VALUES (3, 3, 1, '2022-11-22 17:14:50', '2023-01-17 20:07:15', 0);
INSERT INTO `t_system_user_role` VALUES (4, 3, 3, '2023-01-17 20:08:38', '2023-03-04 15:57:09', 0);
INSERT INTO `t_system_user_role` VALUES (5, 3, 9, '2023-03-13 14:11:50', '2023-03-13 14:11:50', 0);

SET FOREIGN_KEY_CHECKS = 1;
